,Smiles,acetoxy_radical,iminyl_radical,free_radical,BDE,integral,log_integral,decarboxylation_enthalpy
0,O=C(NCCCCCCNC(=O)ON=C1CCCCC1)ON=C1CCCCC1,[O]C(=O)NCCCCCCNC(=O)ON=C1CCCCC1,[N]=C1CCCCC1,[NH]CCCCCCNC(=O)ON=C1CCCCC1,41.420052570079655,2.5846599517883943e-09,-8.587596586332596,6.047941379997096
1,CC(C)=NOC(=O)Nc1ccccc1,[O]C(=O)Nc1ccccc1,CC(C)=[N],[NH]c1ccccc1,42.73092095998031,0.15356910966471063,-0.8136961335970199,-14.966113499988529
2,CC(C)=NOC(=O)Nc1ccc(Cl)cc1,[O]C(=O)Nc1ccc(Cl)cc1,CC(C)=[N],[NH]c1ccc(Cl)cc1,43.41114179997507,3.3332315831704107,0.5228654882177133,-15.872237939947983
3,CC(C)=NOC(=O)Nc1cc(Cl)ccc1Cl,[O]C(=O)Nc1cc(Cl)ccc1Cl,CC(C)=[N],[NH]c1cc(Cl)ccc1Cl,44.4879489599673,3.5828028957405116,0.5542229165538175,-15.983307210095598
4,CC(C)=NOC(=O)Nc1cccc(Cl)c1,[O]C(=O)Nc1cccc(Cl)c1,CC(C)=[N],[NH]c1cccc(Cl)c1,43.63641788990568,0.3891278699453925,-0.40990766323367883,-15.272965889962867
5,CNC(=O)ON=C(c1ccccc1)c1ccccc1,CNC([O])=O,[N]=C(c1ccccc1)c1ccccc1,[NH]C,40.98016806004882,611.612844448183,2.7864765974309202,-14.878889609959058
6,O=C(Nc1ccc(F)cc1)ON=C1CCCCC1,[O]C(=O)Nc1ccc(F)cc1,[N]=C1CCCCC1,[NH]c1ccc(F)cc1,38.679088890008636,2.279573442466817,0.35785358870480244,-1.9396334100253307
7,CC(C)(C)C1CCC(=NOC(=O)c2ccc([N+](=O)[O-])cc2)CC1,[O]C(=O)c1ccc([N+](=O)[O-])cc1,CC(C)(C)C1CCC(=[N])CC1,[c]1ccc([N+](=O)[O-])cc1,41.71247222991208,13019.001559179633,4.114577679012077,-16.00903512003064
8,CC(C)(C)C1CCC(=NOC(=O)c2cccc([N+](=O)[O-])c2)CC1,[O]C(=O)c1cccc([N+](=O)[O-])c1,CC(C)(C)C1CCC(=[N])CC1,[c]1cccc([N+](=O)[O-])c1,40.25162895003338,291.6448182989602,2.4648542646537086,-16.00903512003064
9,O=C1C=CC(=NOC(=O)c2cccc([N+](=O)[O-])c2)C=C1,[O]C(=O)c1cccc([N+](=O)[O-])c1,[N]=C1C=CC(=O)C=C1,[c]1cccc([N+](=O)[O-])c1,46.93900301998553,145034.6042192074,5.161471634155477,2.0758030800382334
10,O=C(Nc1ccccc1)ON=C1CCCC1,[O]C(=O)Nc1ccccc1,[N]=C1CCCC1,[NH]c1ccccc1,42.666287430000814,0.5510706347975679,-0.25879273084562726,2.4052458299912063
11,O=C(ON=C1CCCCCCCCCCC1)c1cccs1,[O]C(=O)c1cccs1,[N]=C1CCCCCCCCCCC1,[c]1cccs1,44.98556439006639,36.705541470286796,1.5647316350502485,2.4052458299912063
12,CC(C)=NOC(=O)Nc1ccc(Cl)c(Cl)c1,[O]C(=O)Nc1ccc(Cl)c(Cl)c1,CC(C)=[N],[NH]c1ccc(Cl)c(Cl)c1,44.05935962997929,15.19584636747019,1.1817248941155585,-14.966113499988529
13,CCc1cccc(C)c1NC(=O)ON=C(C)C,CCc1cccc(C)c1NC([O])=O,CC(C)=[N],[NH]c1c(C)cccc1CC,40.71473133000559,0.0010688757278757791,-2.9710727848147163,9.833709209998462
14,CC(C)=NOC(=O)Nc1cccc([N+](=O)[O-])c1,[O]C(=O)Nc1cccc([N+](=O)[O-])c1,CC(C)=[N],[NH]c1cccc([N+](=O)[O-])c1,45.33257742004635,50618.75806721148,4.704311485524457,1.4376254100086658
15,Cc1cc(Cl)ccc1NC(=O)ON=C1CCCCC1,Cc1cc(Cl)ccc1NC([O])=O,[N]=C1CCCCC1,[NH]c1ccc(Cl)cc1C,42.18498725993187,9.49403549271111,0.9774508509614196,-15.854040149993928
16,COc1ccccc1NC(=O)ON=C(C)C,COc1ccccc1NC([O])=O,CC(C)=[N],[NH]c1ccccc1OC,42.43222620002105,18.79669229243156,1.2740814319481748,-14.878889609959058
17,CCc1cccc(CC)c1NC(=O)ON=C1CCCCC1,CCc1cccc(CC)c1NC([O])=O,[N]=C1CCCCC1,[NH]c1c(CC)cccc1CC,39.8261771699661,0.0007130346496334404,-3.1468893652687964,-18.21912534001519
18,CC(C)=NOC(=O)Nc1ccc(Cl)cc1Cl,[O]C(=O)Nc1ccc(Cl)cc1Cl,CC(C)=[N],[NH]c1ccc(Cl)cc1Cl,44.349269249960734,11.222325364157356,1.0500828558671484,-15.80572187997324
19,CC(C)=NOC(=O)Nc1ccc(C)c(C)c1,Cc1ccc(NC([O])=O)cc1C,CC(C)=[N],[NH]c1ccc(C)c(C)c1,42.06952542000936,3.066238942847279,0.4866059951095679,-15.603036149985595
20,O=C(Nc1ccc(Cl)cc1Cl)ON=C1CCCCC1,[O]C(=O)Nc1ccc(Cl)cc1Cl,[N]=C1CCCCC1,[NH]c1ccc(Cl)cc1Cl,40.210213290137936,12.682085972460206,1.103190692963741,-16.231173659969173
21,Cc1cccc(Cl)c1NC(=O)ON=C1CCCCC1,Cc1cccc(Cl)c1NC([O])=O,[N]=C1CCCCC1,[NH]c1c(C)cccc1Cl,38.28062003994458,0.01511109234657772,-1.8207041403635582,-1.986696659977847
22,CC(C)=NOC(=O)Nc1ccc(C)c(Cl)c1,Cc1ccc(NC([O])=O)cc1Cl,CC(C)=[N],[NH]c1ccc(C)c(Cl)c1,43.45695002993075,2.5905281619960103,0.4133883179251999,-15.9625993800052
23,O=C(ON=C1CCCCCCCCCCC1)c1ccc(F)cc1,[O]C(=O)c1ccc(F)cc1,[N]=C1CCCCCCCCCCC1,[c]1ccc(F)cc1,47.277230909987665,0.38930932756118136,-0.40970519078524953,-16.42068167999009
24,CC(C)=NOC(=O)Nc1ccccc1C,Cc1ccccc1NC([O])=O,CC(C)=[N],[NH]c1ccccc1C,42.23142300002865,0.6145073654028654,-0.21147290735091773,-17.488703700004496
25,CC(C)=NOC(=O)Nc1cccc(C(F)(F)F)c1,[O]C(=O)Nc1cccc(C(F)(F)F)c1,CC(C)=[N],[NH]c1cccc(C(F)(F)F)c1,44.17042889998422,1.6686601952423084,0.22236790626808012,-16.741966800106336
26,O=C(Nc1cccc([N+](=O)[O-])c1)ON=C1CCCCC1,[O]C(=O)Nc1cccc([N+](=O)[O-])c1,[N]=C1CCCCC1,[NH]c1cccc([N+](=O)[O-])c1,41.22238692000799,51588.791076493166,4.712555350804889,-15.19703718001189
27,Cc1ccc(NC(=O)ON=C2CCCCC2)c(C)c1,Cc1ccc(NC([O])=O)c(C)c1,[N]=C1CCCCC1,[NH]c1ccc(C)cc1C,39.110815769988726,12.129471488352753,1.0838418779735357,-16.741966800106336
28,CC(C)=NOC(=O)Nc1ccc(Br)cc1,[O]C(=O)Nc1ccc(Br)cc1,CC(C)=[N],[NH]c1ccc(Br)cc1,43.398591600292114,5.58189150763259,0.7467813910751503,-16.11508430997691
29,CC(C)=NOC(=O)Nc1cccc(C)c1C,Cc1cccc(NC([O])=O)c1C,CC(C)=[N],[NH]c1cccc(C)c1C,41.83358166003435,1.272326713385843,0.10459864559033892,-15.80572187997324
30,CC(C)=NOC(=O)Nc1ccccc1Cl,[O]C(=O)Nc1ccccc1Cl,CC(C)=[N],[NH]c1ccccc1Cl,43.71422912985191,0.38031006402801437,-0.4198621818353255,5.624372129996411
31,CC(C)=NOC(=O)Nc1ccc([N+](=O)[O-])cc1C,Cc1cc([N+](=O)[O-])ccc1NC([O])=O,CC(C)=[N],[NH]c1ccc([N+](=O)[O-])cc1C,44.45029835999102,169747.0027774459,5.229802114683272,-15.335716890018455
32,CC(C)=NOC(=O)Nc1cccc(Cl)c1Cl,[O]C(=O)Nc1cccc(Cl)c1Cl,CC(C)=[N],[NH]c1cccc(Cl)c1Cl,44.21435459994466,0.9914963099957312,-0.003708897748617182,-16.864331250011414
33,Cc1ccc(NC(=O)ON=C2CCCCC2)cc1C,Cc1ccc(NC([O])=O)cc1C,[N]=C1CCCCC1,[NH]c1ccc(C)c(C)c1,37.855795769947065,6.276105819446562,0.7976902574793169,-15.603036149985595
34,CCCCNC(=O)ON=C1CCCCC1,CCCCNC([O])=O,[N]=C1CCCCC1,[NH]CCCC,37.405871100012924,1.2338086146522749e-10,-9.908752201766797,-17.309235839958234
35,CCc1ccccc1NC(=O)ON=C1CCCCC1,CCc1ccccc1NC([O])=O,[N]=C1CCCCC1,[NH]c1ccccc1CC,41.384912010025694,2.522140756681371,0.40176932020066264,-15.80446685990507
36,Cc1ccc(Cl)cc1NC(=O)ON=C1CCCCC1,Cc1ccc(Cl)cc1NC([O])=O,[N]=C1CCCCC1,[NH]c1cc(Cl)ccc1C,39.08446034998393,1.805579132605151,0.25661652688117914,-14.68561652994765
37,CC(C)=NONc1cccc2c(NC(=O)ON=C(C)C)cccc12,CC(C)=NONc1cccc2c(NC([O])=O)cccc12,CC(C)=[N],[NH]c1cccc2c(NON=C(C)C)cccc12,45.47753222996573,230464.85005888308,5.362604697233129,-16.705571219984208
38,O=C(Nc1cccc(Cl)c1Cl)ON=C1CCCCC1,[O]C(=O)Nc1cccc(Cl)c1Cl,[N]=C1CCCCC1,[NH]c1cccc(Cl)c1Cl,40.06337594993795,1.1820673077226924,0.07264220627477277,-13.932604529922651
39,O=C(Nc1ccc(Cl)c(Cl)c1)ON=C1CCCCC1,[O]C(=O)Nc1ccc(Cl)c(Cl)c1,[N]=C1CCCCC1,[NH]c1ccc(Cl)c(Cl)c1,39.76217114998502,10.935869837527177,1.0388533324686806,-16.42068167999009
40,CC(C)=NOC(=O)Nc1cc(Cl)c(Cl)cc1Cl,[O]C(=O)Nc1cc(Cl)c(Cl)cc1Cl,CC(C)=[N],[NH]c1cc(Cl)c(Cl)cc1Cl,44.95356137993318,56.20119482467024,1.749745548669509,-15.992092350073417
41,O=C(Nc1ccc(Cl)cc1)ON=C1CCCCC1,[O]C(=O)Nc1ccc(Cl)cc1,[N]=C1CCCCC1,[NH]c1ccc(Cl)cc1,42.75476634006279,4.770852976473903,0.6785960330984481,-16.272589320007288
42,Cc1ccccc1NC(=O)ON=C1CCCCC1,Cc1ccccc1NC([O])=O,[N]=C1CCCCC1,[NH]c1ccccc1C,38.026478490015506,1.2773248198254705,0.10630135107686933,-15.80446685990507
43,COc1ccc(Cl)cc1NC(=O)ON=C1CCCCC1,COc1ccc(Cl)cc1NC([O])=O,[N]=C1CCCCC1,[NH]c1cc(Cl)ccc1OC,39.0505748099268,106.09992788167123,2.0257150887024444,-15.19703718001189
44,O=C(Nc1ccc(Cl)c(Cl)c1)ON=C1CCCC1,[O]C(=O)Nc1ccc(Cl)c(Cl)c1,[N]=C1CCCC1,[NH]c1ccc(Cl)c(Cl)c1,44.06186966997295,17.54910989445848,1.244255093580854,-2.199422550011483
45,Cc1ccc(NC(=O)ON=C2CCCCC2)cc1[N+](=O)[O-],Cc1ccc(NC([O])=O)cc1[N+](=O)[O-],[N]=C1CCCCC1,[NH]c1ccc(C)c([N+](=O)[O-])c1,43.74246708006597,76482.94279499268,4.883564589715731,-14.991841410030581
46,CC(C)=NOC(=O)NCCCCCCNC(=O)ON=C(C)C,CC(C)=NOC(=O)NCCCCCCNC([O])=O,CC(C)=[N],[NH]CCCCCCNC(=O)ON=C(C)C,41.792793509994645,1.4422646868508138e-08,-7.840955029845439,-16.864331250011414
47,O=C(ON=C1CCCCCCCCCCC1)c1ccc([N+](=O)[O-])cc1,[O]C(=O)c1ccc([N+](=O)[O-])cc1,[N]=C1CCCCCCCCCCC1,[c]1ccc([N+](=O)[O-])cc1,45.10228124991439,11614.238037962976,4.0649907228092745,-16.918297109946504
48,CC(C)=NOC(=O)Nc1ccc(C)c([N+](=O)[O-])c1,Cc1ccc(NC([O])=O)cc1[N+](=O)[O-],CC(C)=[N],[NH]c1ccc(C)c([N+](=O)[O-])c1,43.11495708000947,74312.55156838306,4.871062173336781,-23.45444126999512
49,O=C(Nc1ccccc1Cl)ON=C1CCCCC1,[O]C(=O)Nc1ccccc1Cl,[N]=C1CCCCC1,[NH]c1ccccc1Cl,39.54003260997515,0.48480250151737336,-0.31443514793337746,-15.788779110016016
50,COc1cccc(C)c1NC(=O)ON=C1CCCCC1,COc1cccc(C)c1NC([O])=O,[N]=C1CCCCC1,[NH]c1c(C)cccc1OC,40.6344100500657,0.4661361310852593,-0.33148723278336034,-15.992092350073417
51,O=C(Nc1cccc(C(F)(F)F)c1)ON=C1CCCCC1,[O]C(=O)Nc1cccc(C(F)(F)F)c1,[N]=C1CCCCC1,[NH]c1cccc(C(F)(F)F)c1,39.5789382300196,2.854495635091067,0.45552938324835485,-15.854040149993928
52,O=C(Nc1c(Cl)cccc1Cl)ON=C1CCCCC1,[O]C(=O)Nc1c(Cl)cccc1Cl,[N]=C1CCCCC1,[NH]c1c(Cl)cccc1Cl,38.2454794800333,0.11333583415860364,-0.9456327545953573,-16.859938679951163
53,CC(C)=NOC(=O)Nc1cc(C(F)(F)F)ccc1Cl,[O]C(=O)Nc1cc(C(F)(F)F)ccc1Cl,CC(C)=[N],[NH]c1cc(C(F)(F)F)ccc1Cl,44.5808204398755,6.221947562991644,0.7939263466635011,-15.872237939947983
54,O=C(Nc1cc(Cl)ccc1Cl)ON=C1CCCCC1,[O]C(=O)Nc1cc(Cl)ccc1Cl,[N]=C1CCCCC1,[NH]c1cc(Cl)ccc1Cl,40.346382960008164,4.024242291447596,0.6046841208229512,-15.335716890018455
55,CCc1cccc(CC)c1NC(=O)ON=C(C)C,CCc1cccc(CC)c1NC([O])=O,CC(C)=[N],[NH]c1c(CC)cccc1CC,41.2675676400366,0.0002375778594249911,-3.62419403497699,-16.440134489940974
56,CC(C)=NOC(=O)Nc1c(C(C)C)cccc1C(C)C,CC(C)c1cccc(C(C)C)c1NC([O])=O,CC(C)=[N],[NH]c1c(C(C)C)cccc1C(C)C,42.53702037004182,0.001249867577500713,-2.9031359977177047,-15.854040149993928
57,COc1ccc(OC)c(NC(=O)ON=C(C)C)c1,COc1ccc(OC)c(NC([O])=O)c1,CC(C)=[N],[NH]c1cc(OC)ccc1OC,42.403360740022585,562.7837487657205,2.7503415480319453,-14.875124549968564
58,COc1c(Cl)cccc1NC(=O)ON=C(C)C,COc1c(Cl)cccc1NC([O])=O,CC(C)=[N],[NH]c1cccc(Cl)c1OC,43.29003236992414,0.6419476736814937,-0.1925003706189032,-2.1040410299669396
59,CC(C)=NOC(=O)Nc1cc(Cl)ccc1C,Cc1ccc(Cl)cc1NC([O])=O,CC(C)=[N],[NH]c1cc(Cl)ccc1C,43.25112675002237,1.4175627717829438,0.1515422991948238,2.0758030800382334
60,Cc1cccc(NC(=O)ON=C2CCCCC2)c1C,Cc1cccc(NC([O])=O)c1C,[N]=C1CCCCC1,[NH]c1cccc(C)c1C,37.6123218900624,2.6049087894231913,0.4157925211312437,-14.875124549968564
61,COc1ccc(OC)c(NC(=O)ON=C2CCCCC2)c1,COc1ccc(OC)c(NC([O])=O)c1,[N]=C1CCCCC1,[NH]c1cc(OC)ccc1OC,38.90122742994717,2604.5261039891325,3.415728714528026,-13.932604529922651
62,CCc1cccc(C)c1NC(=O)ON=C1CCCCC1,CCc1cccc(C)c1NC([O])=O,[N]=C1CCCCC1,[NH]c1c(C)cccc1CC,39.98744723998697,0.0017959242462189313,-2.745711986233835,-15.03262955999894
63,Cc1ncc(COC(=O)c2ccccc2)c(C=NOC(=O)c2ccccc2)c1OC(=O)c1ccccc1,[O]C(=O)c1ccccc1,Cc1ncc(COC(=O)c2ccccc2)c(C=[N])c1OC(=O)c1ccccc1,[c]1ccccc1,43.919424899975894,2250.2002603764845,3.352221170603019,-19.654868220028607
64,O=C(Nc1cc(Cl)c(Cl)cc1Cl)ON=C1CCCCC1,[O]C(=O)Nc1cc(Cl)c(Cl)cc1Cl,[N]=C1CCCCC1,[NH]c1cc(Cl)c(Cl)cc1Cl,40.84086083990116,61.261538899989624,1.7871879021567973,-17.990711700021162
65,O=C(Nc1cccc(Cl)c1)ON=C1CCCCC1,[O]C(=O)Nc1cccc(Cl)c1,[N]=C1CCCCC1,[NH]c1cccc(Cl)c1,39.63039405003237,0.830755384353418,-0.0805268352585199,5.710968509991796
66,CC1=CC(=O)C(C(C)C)=CC1=NOC(=O)c1ccccc1C,Cc1ccccc1C([O])=O,CC1=CC(=O)C(C(C)C)=CC1=[N],[c]1ccccc1C,37.45418937003361,222436.00087766218,5.347205078401013,-15.244100429964405
67,O=C(ON=C1CCCCCCCCCCC1)c1ccc(Cl)cc1,[O]C(=O)c1ccc(Cl)cc1,[N]=C1CCCCCCCCCCC1,[c]1ccc(Cl)cc1,43.751879730042205,3.2953443626463574,0.5179008049642002,-16.231173659969173
68,CNC(=O)O/N=C(/CS(C)=O)C(C)(C)C,CNC([O])=O,CS(=O)CC(=[N])C(C)(C)C,[NH]C,40.15436490006493,187.94362431174656,2.274027597550805,-15.983307210095598
69,CC(C)(C)OC(=O)O/N=C(\C#N)c1ccccc1,CC(C)(C)OC([O])=O,[N]=C(C#N)c1ccccc1,[O]C(C)(C)C,44.430218040041716,23000.238075619105,4.361732331425964,-17.488703700004496
70,C/C(Cc1ccccc1)=N\OC(=O)Nc1ccccc1,[O]C(=O)Nc1ccccc1,CC(=[N])Cc1ccccc1,[NH]c1ccccc1,42.6800926500373,2.9025941189718503,0.46278631099025025,-16.272589320007288
71,COc1ccc(COC(=O)O/N=C(/C#N)c2ccccc2)cc1,COc1ccc(COC([O])=O)cc1,[N]=C(C#N)c1ccccc1,[O]Cc1ccc(OC)cc1,42.46360170008451,6629.452202331203,3.8214776437390623,-12.964984109940112
72,O=C(Nc1cc(Cl)ccc1Cl)O/N=C\c1ccccn1,[O]C(=O)Nc1cc(Cl)ccc1Cl,[N]=Cc1ccccn1,[NH]c1cc(Cl)ccc1Cl,39.718245449953244,92730.28210001695,4.967221580976695,-14.991841410030581
73,COc1ccc(Cl)cc1NC(=O)O/N=C\c1ccncc1,COc1ccc(Cl)cc1NC([O])=O,[N]=Cc1ccncc1,[NH]c1cc(Cl)ccc1OC,41.23932968996522,130214.17439618378,5.114658261705201,-16.918297109946504
74,O=C(O/N=C\c1ccccc1)N1CCOCC1,[O]C(=O)N1CCOCC1,[N]=Cc1ccccc1,[NH]1CCOCC1,42.97188479994266,775.9705506764827,2.889845239400726,-16.705571219984208
75,O=C(O/N=C\c1cc([N+](=O)[O-])ccc1SC1CCCCC1)c1ccc(Cl)cc1,[O]C(=O)c1ccc(Cl)cc1,[N]=Cc1cc([N+](=O)[O-])ccc1SC1CCCCC1,[c]1ccc(Cl)cc1,44.55885759014497,608592.6488134551,5.784326702213681,-12.964984109940112
76,CS/C(C)=N\OC(=O)N(C)SN(C)C(=O)O/N=C(/C)SC,CS/C(C)=N\OC(=O)N(C)SN(C)C([O])=O,CSC(C)=[N],[N](C)SN(C)C(=O)O/N=C(/C)SC,32.482427639887646,0.000495154730101394,-3.3052590678770137,-18.21912534001519
77,CCOc1ccc(C(=O)/C(C)=N/OC(=O)Nc2cccc(Cl)c2)cc1,[O]C(=O)Nc1cccc(Cl)c1,CCOc1ccc(C(=O)C(C)=[N])cc1,[NH]c1cccc(Cl)c1,42.34813986009067,308652.89803631196,5.489470359045781,-16.11508430997691
78,CC/C(C)=N/OC(=O)Nc1ccccc1,[O]C(=O)Nc1ccccc1,CCC(C)=[N],[NH]c1ccccc1,43.21724121003658,0.09345358872915707,-1.0294040165393579,-19.654868220028607
79,COc1ccccc1/C=N/OC(=O)c1cccc([N+](=O)[O-])c1,[O]C(=O)c1cccc([N+](=O)[O-])c1,COc1ccccc1C=[N],[c]1cccc([N+](=O)[O-])c1,42.23832561001122,14076.397614043513,4.148491525792179,4.678087050031344
80,O=C(O/N=C/c1ccc(Cl)cc1)c1ccccc1,[O]C(=O)c1ccccc1,[N]=Cc1ccc(Cl)cc1,[c]1ccccc1,44.56764272998011,15447.045325454954,4.188845420876287,-16.859938679951163
81,CNC(=O)O/N=C/C(C)(C)S(C)=O,CNC([O])=O,CS(=O)C(C)(C)C=[N],[NH]C,42.13604147998411,12.04704512051493,1.0808805369338284,-15.272965889962867
82,CNC(=O)O/N=C/C(C)(C)S(C)(=O)=O,CNC([O])=O,CC(C)(C=[N])S(C)(=O)=O,[NH]C,40.00313498994736,3.156885409919468e-06,-5.500741182042802,4.654869180018624
83,CNC(=O)O/N=C(\C)C(C)S(C)(=O)=O,CNC([O])=O,CC(=[N])C(C)S(C)(=O)=O,[NH]C,39.61031373008307,1.0736010080569996e-06,-5.969157089394358,-1.9396334100253307
84,CNC(=O)O/N=C(\C)C(C)S(C)=O,CNC([O])=O,CC(=[N])C(C)S(C)=O,[NH]C,43.82090583001061,1.2359198342687243,0.09199030193092804,-1.9396334100253307
85,CNC(=O)O/N=C(\SC)C(=O)N(C)C,CNC([O])=O,CSC(=[N])C(=O)N(C)C,[NH]C,42.75100127992961,5.730851998053175,0.7582191927434249,-2.7848893799957835
86,COc1ccc(/C=N/OC(=O)c2cc([N+](=O)[O-])cc([N+](=O)[O-])c2)cc1,[O]C(=O)c1cc([N+](=O)[O-])cc([N+](=O)[O-])c1,COc1ccc(C=[N])cc1,[c]1cc([N+](=O)[O-])cc([N+](=O)[O-])c1,48.24673386003679,280074.4975020432,5.447273565452014,-4.278363180006125
87,CC/C(C)=N/OC(=O)Nc1ccc(Cl)c(Cl)c1,[O]C(=O)Nc1ccc(Cl)c(Cl)c1,CCC(C)=[N],[NH]c1ccc(Cl)c(Cl)c1,44.06939978995394,10.367965858518524,1.015693558406782,4.654869180018624
88,CC(C)(Oc1ccc(Cl)cc1)/C(N)=N/OC(=O)c1cccnc1,[O]C(=O)c1cccnc1,CC(C)(Oc1ccc(Cl)cc1)C(=[N])N,[c]1cccnc1,49.09010730004766,159.1387329273623,2.2017758958587454,-14.966113499988529
89,COc1ccc(Br)cc1/C=N/OC(=O)c1ccc(C(C)(C)C)cc1,CC(C)(C)c1ccc(C([O])=O)cc1,COc1ccc(Br)cc1C=[N],[c]1ccc(C(C)(C)C)cc1,44.01857147986825,177614.8375058669,5.249479242848912,-2.0689004699843214
90,CCOC(=O)O/N=C/c1ccc(OC)cc1,CCOC([O])=O,COc1ccc(C=[N])cc1,[O]CC,44.024846579995085,1886.0064512531414,3.275543173946829,-15.983307210095598
91,Cc1ccc(/C=N/OC(=O)Nc2ccccc2)c(C)c1,[O]C(=O)Nc1ccccc1,Cc1ccc(C=[N])c(C)c1,[NH]c1ccccc1,42.962472150037755,26292.50416587099,4.419831951402201,-16.440134489940974
92,COc1ccccc1/C=N/OC(=O)c1ccc(C)cc1,Cc1ccc(C([O])=O)cc1,COc1ccccc1C=[N],[c]1ccc(C)cc1,40.143069720022105,384.8177885705619,2.5852551395078605,4.654869180018624
93,O=C(O/N=C/c1ccc(Cl)cc1)c1cccc([N+](=O)[O-])c1,[O]C(=O)c1cccc([N+](=O)[O-])c1,[N]=Cc1ccc(Cl)cc1,[c]1cccc([N+](=O)[O-])c1,45.75049908006129,35079.87018307522,4.5450579775423945,-8.498367929999077
94,CN(C)c1ccc(/C=N/OC(=O)c2ccc([N+](=O)[O-])cc2)cc1,[O]C(=O)c1ccc([N+](=O)[O-])cc1,CN(C)c1ccc(C=[N])cc1,[c]1ccc([N+](=O)[O-])cc1,46.929590370009294,492350.23726485093,5.6922741515431765,-15.586720889955448
95,O=C(O/N=C/c1ccc(Cl)cc1)c1ccc(Cl)cc1,[O]C(=O)c1ccc(Cl)cc1,[N]=Cc1ccc(Cl)cc1,[c]1ccc(Cl)cc1,45.07655333990801,31020.52864434229,4.491649194682114,-16.604542110096602
96,CCC(C)/C=N/OC(=O)Nc1cccc(C(F)(F)F)c1,[O]C(=O)Nc1cccc(C(F)(F)F)c1,CCC(C)C=[N],[NH]c1cccc(C(F)(F)F)c1,42.916663919939396,1.5644403290042128,0.19435900290668284,-15.272965889962867
97,O=C(O/N=C/c1cc[n+]([O-])cc1)c1ccccc1,[O]C(=O)c1ccccc1,[N]=Cc1cc[n+]([O-])cc1,[c]1ccccc1,45.02949009002683,467108.8689437435,5.66941811326672,-14.966113499988529
98,O=C(ON=C(c1ccccc1)c1ccccc1)c1ccc([N+](=O)[O-])cc1,[O]C(=O)c1ccc([N+](=O)[O-])cc1,[N]=C(c1ccccc1)c1ccccc1,[c]1ccc([N+](=O)[O-])cc1,44.27961564006525,249923.7916239821,5.397807600981144,2.4052458299912063
99,CC(=O)O/N=C1\C(=O)N(Cc2cc(Cl)ccc2Cl)c2ccc(Cl)cc21,CC([O])=O,[N]=C1C(=O)N(Cc2cc(Cl)ccc2Cl)c2ccc(Cl)cc21,[C],48.624494879939114,45044.19580449629,4.65363883765743,4.678087050031344
100,CNC(=O)O/N=[13C](\SC)C(=O)N(C)C,CNC([O])=O,CS[13C](=[N])C(=O)N(C)C,[NH]C,42.75100127992961,5.730851998053175,0.7582191927434249,-1.9396334100253307
101,CC(=O)O/N=C1/C(c2c(O)[nH]c3cc(Br)ccc23)=Nc2ccccc21,CC([O])=O,[N]=C1C(c2c(O)[nH]c3cc(Br)ccc23)=Nc2ccccc21,[C],51.78902781001081,135187.81528175066,5.130937549635426,-1.9396334100253307
102,CCCCC/C(=N\OC(=O)Nc1ccccc1)c1cc(C)ccc1O,[O]C(=O)Nc1ccccc1,CCCCCC(=[N])c1cc(C)ccc1O,[NH]c1ccccc1,41.81663889007712,5395.903260576465,3.7320641549037887,-1.9396334100253307
103,CCCCCCCCCCC/C(=N\OC(=O)Nc1ccccc1)c1cc(C)ccc1O,[O]C(=O)Nc1ccccc1,CCCCCCCCCCCC(=[N])c1cc(C)ccc1O,[NH]c1ccccc1,45.957577380109186,3689.9641131632316,3.5670221424379305,-1.9396334100253307
104,CC(=O)O/N=C(\C)c(cc1)c(c2c13)cccc2CC3,CC([O])=O,CC(=[N])c1ccc2c3c(cccc13)CC2,[C],46.80785343010263,115173.13177517377,5.061351176285573,-16.323417630092976
105,CC(=O)O\N=C(CC)\c(cc1)c(c2c13)cccc2CC3,CC([O])=O,CCC(=[N])c1ccc2c3c(cccc13)CC2,[C],46.79718576005823,65631.59400458577,4.817112952161678,-1.9396334100253307
106,CC(=O)O/N=C(\C)C(=O)c1ccc(cc1)-c2ccc(cc2)C(=O)c3ccccc3,CC([O])=O,CC(=[N])C(=O)c1ccc(-c2ccc(C(=O)c3ccccc3)cc2)cc1,[C],47.533882499981736,1018727.899799739,6.008058200301034,-1.9396334100253307
107,CCCCCC(=N/OC(=O)C)\c(cc1)cc(c12)nc(C)n2CCCC,CC([O])=O,CCCCCC(=[N])c1ccc2c(c1)nc(C)n2CCCC,[C],49.53187434007374,2713.9466851486445,3.4336013117934394,0.570406590057994
108,CCCCC(=N/OC(=O)C)\C(=O)c(cc1)cc(c12)nc(C)n2CCCC,CC([O])=O,CCCCC(=[N])C(=O)c1ccc2c(c1)nc(C)n2CCCC,[C],46.93774799991736,206641.62204539825,5.315217802198367,-14.966113499988529
109,c1ccccc1C/C(=N/OC(=O)C)c2ccc(cc2)-c3ccccc3,CC([O])=O,[N]=C(Cc1ccccc1)c1ccc(-c2ccccc2)cc1,[C],46.4897058600498,21423.324511063758,4.330886866345376,-15.854040149993928
110,CC(=O)O/N=C(\C(C)(C)C)c1ccc(cc1)-c2ccccc2,CC([O])=O,CC(C)(C)C(=[N])c1ccc(-c2ccccc2)cc1,[C],43.30070004003989,761.5687821839211,2.8817091333765075,-15.9625993800052
111,c1ccccc1-c2ccc(cc2)/C(=N/OC(=O)C)CCCCC,CC([O])=O,CCCCCC(=[N])c1ccc(-c2ccccc2)cc1,[C],50.15812932006207,67673.30705611293,4.830417400085178,3.112449600024849
112,c1ccccc1/C(=N\OC(=O)C)C(=O)c2ccc(cc2)-c3ccccc3,CC([O])=O,[N]=C(C(=O)c1ccc(-c2ccccc2)cc1)c1ccccc1,[C],45.344500109873564,505004.3262360733,5.703295098618476,5.742344010055259
113,c1cc(OC)cc(c12)c3c(n2CC)ccc(c3)C(=O)/C(C)=N\OC(=O)C,CC([O])=O,CCn1c2ccc(OC)cc2c2cc(C(=O)C(C)=[N])ccc21,[C],44.41578530993548,367305.3015115335,5.565027196792309,-14.966113499988529
114,CC(=O)O/N=C(\C(=O)C)C(=O)c(c1)ccc(c12)c3c(cccc3)C2(CCCC)CCCC,CC([O])=O,CCCCC1(CCCC)c2ccccc2-c2ccc(C(=O)C(=[N])C(C)=O)cc21,[C],46.04668380002689,723173.1197441993,5.859242275094902,5.710968509991796
115,OC(=O)c1ccccc1c(c(c23)cccc2)=C4[C@@H]3C=C(C=C4)/C(C)=N/OC(=O)C,CC([O])=O,CC(=[N])C1=C[C@H]2C(=C(c3ccccc3C(=O)O)c3ccccc32)C=C1,[C],49.29530307002897,347466.9346463183,5.540913482929337,2.4052458299912063
116,CC(=O)O/N=C(/CCC)c(cn1CC)c(c12)cccc2,CC([O])=O,CCCC(=[N])c1cn(CC)c2ccccc12,[C],48.50589549009587,2017.7159729527464,3.3048600320392443,2.0758030800382334
117,O=C(C)O\N=C(C)\C(=O)c(c1)ccc(c1Sc(c23)cccc2)N3CCCCCCCCCC,CC([O])=O,CCCCCCCCCCN1c2ccccc2Sc2cc(C(=O)C(C)=[N])ccc21,[C],51.172812989997134,251446.16346275387,5.4004450135912,4.654869180018624
118,n1cccc(c12)c(/C(C)=N/OC(=O)C)ccc2OCc3ccccc3,CC([O])=O,CC(=[N])c1ccc(OCc2ccccc2)c2ncccc12,[C],47.70770277004226,194045.77468758862,5.287904190493487,-15.854040149993928
119,CCCCCC(=N\OC(=O)C)\c(cc1)cc(c12)Cc3c2ccc(c3)/C(=N/OC(=O)C)CCCCC,CC([O])=O,CCCCCC(=[N])c1ccc2c(c1)Cc1cc(/C(CCCCC)=N/OC(C)=O)ccc1-2,[C],47.434108410019626,846784.0380332051,5.92777266292858,4.678087050031344
120,CCCCCC(=N\OC(=O)C)\c(cc1)cc(c12)Cc3c2ccc(c3)/C(=N/OC(=O)C)CCCCC,CC([O])=O,CCCCCC(=[N])c1ccc2c(c1)Cc1cc(/C(CCCCC)=N\OC(C)=O)ccc1-2,[C],49.69941951000743,846784.0380332051,5.92777266292858,2.0758030800382334
121,CC(=O)O\N=C(C)\c(cc1[N+](=O)[O-])cc(c12)C(CCCC)(CCCC)c3c2ccc(c3)/C(C)=N\OC(=O)C,CC([O])=O,CCCCC1(CCCC)c2cc(/C(C)=N\OC(C)=O)ccc2-c2c([N+](=O)[O-])cc(C(C)=[N])cc21,[C],47.393320259908585,689467.0317063356,5.8385135043184935,-8.498367929999077
122,CC(=O)O\N=C(C)\c(cc1[N+](=O)[O-])cc(c12)C(CCCC)(CCCC)c3c2ccc(c3)/C(C)=N\OC(=O)C,CC([O])=O,CCCCC1(CCCC)c2cc(C(C)=[N])ccc2-c2c([N+](=O)[O-])cc(/C(C)=N/OC(C)=O)cc21,[C],50.914906379863545,689467.0317063356,5.8385135043184935,-1.9396334100253307
123,CC(=O)O\N=C(CC)\c(cc1)cc(c12)C(CCCC)(CCCC)c3c2ccc(c3)/C(CC)=N\OC(=O)C,CC([O])=O,CCCCC1(CCCC)c2cc(C(=[N])CC)ccc2-c2ccc(/C(CC)=N\OC(C)=O)cc21,[C],51.9998711700492,887363.0347213892,5.948101333157977,-8.498367929999077
124,CC(=O)O\N=C(CC)\c(cc1)cc(c12)C(CCCC)(CCCC)c3c2ccc(c3)/C(CC)=N\OC(=O)C,CC([O])=O,CCCCC1(CCCC)c2cc(C(=[N])CC)ccc2-c2ccc(/C(CC)=N/OC(C)=O)cc21,[C],54.62411798998686,887363.0347213892,5.948101333157977,-14.966113499988529
125,CC(=O)O\N=C(CCC)\c(cc1)cc(c12)C(CCCC)(CCCC)c3c2ccc(c3)/C(CCC)=N/OC(=O)C,CC([O])=O,CCCCC1(CCCC)c2cc(C(=[N])CCC)ccc2-c2ccc(/C(CCC)=N/OC(C)=O)cc21,[C],52.712095020034496,1554145.8840390262,6.191491782585541,-14.966113499988529
126,CCCCC(=N/OC(=O)C)\c(cc1)cc(c12)C(CCCC)(CCCC)c3c2ccc(c3)/C(CCCC)=N/OC(=O)C,CC([O])=O,CCCCC(=[N])c1ccc2c(c1)C(CCCC)(CCCC)c1cc(/C(CCCC)=N/OC(C)=O)ccc1-2,[C],50.124243780004946,1760937.6293149104,6.245743973954748,-8.498367929999077
127,O=C(C)O\N=C(CCC)\C(=O)c(cc1)cc(c12)C(CCCC)(CCCC)c3c2ccc(c3)C(=O)/C(CCC)=N/OC(=O)C,CC([O])=O,CCCCC1(CCCC)c2cc(C(=O)C(=[N])CCC)ccc2-c2ccc(C(=O)/C(CCC)=N/OC(C)=O)cc21,[C],46.627130549916856,1493731.7687339808,6.174272617681971,-8.498367929999077
128,CCCCCC(=N/OC(=O)C)\c(cc1)cc(c12)C(CCCC)(CCCC)c3c2ccc(c3)/C(=N/OC(=O)C)CCCCC,CC([O])=O,CCCCCC(=[N])c1ccc2c(c1)C(CCCC)(CCCC)c1cc(/C(CCCCC)=N/OC(C)=O)ccc1-2,[C],49.63290345003269,1742380.3098923068,6.24114295461014,-8.498367929999077
129,CC(=O)O/N=C(\C)C(=O)c1c(OC(=O)C)c(cc(C)c1)-n(n2)nc(c23)cccc3,CC([O])=O,CC(=[N])C(=O)c1cc(C)cc(-n2nc3ccccc3n2)c1OC(C)=O,[C],48.76442960994251,62344.132047837906,4.794795583088476,-8.498367929999077
130,CC(=O)O/N=C(\C)C(=O)c1c(O)c(cc(C)c1)-n(n2)nc(c23)cccc3,CC([O])=O,CC(=[N])C(=O)c1cc(C)cc(-n2nc3ccccc3n2)c1O,[C],47.52886241999441,268090.63035995426,5.42828163586249,-8.498367929999077
131,CC(=O)O\N=C(C)\C(=O)c(cc1)ccc1N(c2ccc(cc2)OC)c3ccc(cc3)C(=O)/C(C)=N/OC(=O)C,CC([O])=O,COc1ccc(N(c2ccc(C(=O)C(C)=[N])cc2)c2ccc(C(=O)/C(C)=N/OC(C)=O)cc2)cc1,[C],47.07956525998734,467053.3387410644,5.669366480990371,-8.498367929999077
132,CC(=O)O/N=C(\C)C(=O)c(cc1)c(c2c13)cccc2CC3,CC([O])=O,CC(=[N])C(=O)c1ccc2c3c(cccc13)CC2,[C],50.45807910001817,437389.87654474925,5.640868727006071,-8.498367929999077
133,CC(=O)O\N=C(C)\C(=O)c(cc1)cc(c12)nc(n2CCCC)-c3ccccc3,CC([O])=O,CCCCn1c(-c2ccccc2)nc2cc(C(=O)C(C)=[N])ccc21,[C],45.555970980124386,380021.8234011766,5.579808537434082,-8.498367929999077
134,CC(=O)O/N=C(/C)C(=O)c(c(c12)cccc2)ccc1-c3ccc(c(c34)cccc4)C(=O)/C(C)=N/OC(=O)C,CC([O])=O,CC(=[N])C(=O)c1ccc(-c2ccc(C(=O)/C(C)=N/OC(C)=O)c3ccccc23)c2ccccc12,[C],45.40913364006708,820219.2178244521,5.913929940637075,-8.498367929999077
135,CC(=O)O/N=C(/C)C(=O)c(c(c12)cccc2)ccc1-c3ccc(c(c34)cccc4)C(=O)/C(C)=N/OC(=O)C,CC([O])=O,CC(=[N])C(=O)c1ccc(-c2ccc(C(=O)/C(C)=N\OC(C)=O)c3ccccc23)c2ccccc12,[C],47.34562950002899,820219.2178244521,5.913929940637075,-8.498367929999077
136,CC(=O)O/N=C(\C)C(=O)c1ccc(cc1)-c2ccccc2,CC([O])=O,CC(=[N])C(=O)c1ccc(-c2ccccc2)cc1,[C],47.40336042002591,579541.8267155567,5.76308478534921,-8.498367929999077
137,c1ccccc1-c2ccc(cc2)/C(CCCCC)=N/OC(=O)CC,CCC([O])=O,CCCCCC(=[N])c1ccc(-c2ccccc2)cc1,[C]C,45.22841076002398,66077.96540662319,4.820056662243926,-8.498367929999077
138,CC(=O)O/N=C(\C)C(=O)c1ccc(cc1)N(c2ccccc2)c3ccccc3,CC([O])=O,CC(=[N])C(=O)c1ccc(N(c2ccccc2)c2ccccc2)cc1,[C],47.25213051005103,494057.602495476,5.693777586550227,-8.498367929999077
139,CC(=O)O/N=C(\C)C(=O)c1ccc(cc1)N(c2ccccc2)c3ccc(cc3)C(=O)/C(C)=N/OC(=O)C,CC([O])=O,CC(=[N])C(=O)c1ccc(N(c2ccccc2)c2ccc(C(=O)/C(C)=N/OC(C)=O)cc2)cc1,[C],47.2948011899433,557951.0457672551,5.746596095916409,-8.498367929999077
140,c1cc(OC)ccc1-n(c(c23)cccc2)c4c3cc(cc4)C(=O)/C(C)=N\OC(=O)C,CC([O])=O,COc1ccc(-n2c3ccccc3c3cc(C(=O)C(C)=[N])ccc32)cc1,[C],44.75840576992652,299508.97821456386,5.47640984552533,-8.498367929999077
141,O=C(C)O\N=C(C)\C(=O)c(c1)ccc(c12)n(-c3ccc(cc3)OC)c4c2cc(cc4)C(=O)/C(C)=N\OC(=O)C,CC([O])=O,COc1ccc(-n2c3ccc(C(=O)C(C)=[N])cc3c3cc(C(=O)/C(C)=N\OC(C)=O)ccc32)cc1,[C],49.95230604001101,592022.5234531497,5.772338229738697,-8.498367929999077
142,O=C(C)O\N=C(C)\C(=O)c(c1)ccc(c12)n(-c3ccc(cc3)OC)c4c2cc(cc4)C(=O)/C(C)=N\OC(=O)C,CC([O])=O,COc1ccc(-n2c3ccc(C(=O)C(C)=[N])cc3c3cc(C(=O)/C(C)=N/OC(C)=O)ccc32)cc1,[C],47.47113149999749,592022.5234531497,5.772338229738697,-8.498367929999077
143,c1cc(OC)ccc1-n(c(c23)ccc(c2)OC)c4c3cc(cc4)C(=O)/C(C)=N\OC(=O)C,CC([O])=O,COc1ccc(-n2c3ccc(OC)cc3c3cc(C(=O)C(C)=[N])ccc32)cc1,[C],45.646332420038924,366181.97774184635,5.563696965962747,-8.498367929999077
144,CC(=O)O/N=C(\C)C(=O)c(cc1)cc(c12)c3c(ccc(c3)OC)n2-c4ccc(cc4)SC,CC([O])=O,COc1ccc2c(c1)c1cc(C(=O)C(C)=[N])ccc1n2-c1ccc(SC)cc1,[C],46.947160649964935,499149.3018613549,5.698230468020545,-8.498367929999077
145,CC(=O)O/N=C(\C)C(=O)c(cc1)cc(c12)c3c(n2CC)cccc3,CC([O])=O,CCn1c2ccccc2c2cc(C(=O)C(C)=[N])ccc21,[C],47.382652590006856,454570.7204646041,5.657601458775287,-8.498367929999077
146,CC(=O)O\N=C(C)\C(=O)c(cc1)cc(c12)C(CCCC)(CCCC)c3c2ccc(c3)C(=O)/C(=N\OC(=O)C)c4ccccc4,CC([O])=O,CCCCC1(CCCC)c2cc(C(=O)C(C)=[N])ccc2-c2ccc(C(=O)/C(=N\OC(C)=O)c3ccccc3)cc21,[C],48.11056419002389,1526423.8471297142,6.183675142341639,-8.498367929999077
147,CC(=O)O\N=C(C)\C(=O)c(cc1)cc(c12)C(CCCC)(CCCC)c3c2ccc(c3)C(=O)/C(=N\OC(=O)C)c4ccccc4,CC([O])=O,CCCCC1(CCCC)c2cc(C(=O)C(=[N])c3ccccc3)ccc2-c2ccc(C(=O)/C(C)=N/OC(C)=O)cc21,[C],47.73594072004231,1526423.8471297142,6.183675142341639,-8.498367929999077
148,c1cccc(c12)C(CCCC)(CCCC)c3c2ccc(c3)C(=O)/C(C)=N/OC(=O)C,CC([O])=O,CCCCC1(CCCC)c2ccccc2-c2ccc(C(=O)C(C)=[N])cc21,[C],48.48205011008473,872074.9031861805,5.940553788422682,-8.498367929999077
149,CCC(=O)O/N=C(/C)C(=O)c(c1)ccc(c12)c3c(cccc3)C2(CCCC)CCCC,CCC([O])=O,CCCCC1(CCCC)c2ccccc2-c2ccc(C(=O)C(C)=[N])cc21,[C]C,39.543797670108326,426783.43373581424,5.630207553262378,-8.498367929999077
150,CC(=O)O/N=C(/CC)C(=O)c(c1)ccc(c12)c3c(C2(CC)CC)cccc3,CC([O])=O,CCC(=[N])C(=O)c1ccc2c(c1)C(CC)(CC)c1ccccc1-2,[C],44.64294392993267,407534.4024523734,5.610164276056585,-8.498367929999077
151,CCC(=O)O/N=C(/CC)C(=O)c(c1)ccc(c12)c3c(C2(CC)CC)cccc3,CCC([O])=O,CCC(=[N])C(=O)c1ccc2c(c1)C(CC)(CC)c1ccccc1-2,[C]C,40.09224141000775,421044.44451435225,5.624327941414195,-8.498367929999077
152,c1cccc(c12)C(CC)(CC)c3c2ccc(c3)C(=O)/C(CCC)=N\OC(=O)CC,CCC([O])=O,CCCC(=[N])C(=O)c1ccc2c(c1)C(CC)(CC)c1ccccc1-2,[C]C,41.22364194007616,475418.8344221125,5.6770763829528805,-8.498367929999077
153,CCC(=O)O/N=C(/C)C(=O)c(c1)ccc(c12)c3c(C2(CCC)CCC)cccc3,CCC([O])=O,CCCC1(CCC)c2ccccc2-c2ccc(C(=O)C(C)=[N])cc21,[C]C,39.03425954996799,432719.3413415688,5.636206307378499,-8.498367929999077
154,CC(=O)O/N=C(\C)C(=O)c1ccc(cc1)Sc2ccccc2,CC([O])=O,CC(=[N])C(=O)c1ccc(Sc2ccccc2)cc1,[C],47.30797889998137,670105.9013872618,5.826143442631689,-8.498367929999077
155,CC(=O)O/N=C(\CC)c(cc1)cc(c12)c3c4c2cccc4ccc3,CC([O])=O,CCC(=[N])c1ccc2c(c1)-c1cccc3cccc-2c13,[C],48.89934426002992,657870.0211536858,5.818140096240363,-8.498367929999077
156,c1ccc2cccc3c(c4c1c23)ccc(c4)/C(=N\OC(=O)C)CCCCCCC,CC([O])=O,CCCCCCCC(=[N])c1ccc2c(c1)-c1cccc3cccc-2c13,[C],45.793169760096234,478226.1736526475,5.6796333416706934,-8.498367929999077
157,CCCCCCC(=N\OC(=O)C)\C(=O)c(cc1)cc(c12)c3c4c2cccc4ccc3,CC([O])=O,CCCCCCC(=[N])C(=O)c1ccc2c(c1)-c1cccc3cccc-2c13,[C],45.14369691009519,624091.2104679504,5.795248066137768,-8.498367929999077
158,CC(=O)O/N=C(\C)C(=O)c(ccc1)c(c12)cccc2,CC([O])=O,CC(=[N])C(=O)c1cccc2ccccc12,[C],41.07366704995544,223806.1029752085,5.349871925142813,-8.498367929999077
159,CC(=O)O/N=C(\C)C(=O)c(c1)ccc(c12)c3c(C2(CC)CC)cc(Br)cc3,CC([O])=O,CCC1(CC)c2cc(Br)ccc2-c2ccc(C(=O)C(C)=[N])cc21,[C],48.781372379971074,1078385.1754026192,6.032773908971389,-8.498367929999077
160,CC(=O)O/N=C(\C)C(=O)c(c1)ccc(c12)c3c(C2(CCCC)CCCC)cc(cc3)-c4onc(c4)C,CC([O])=O,CCCCC1(CCCC)c2cc(C(=O)C(C)=[N])ccc2-c2ccc(-c3cc(C)no3)cc21,[C],47.309233919978205,1509378.4234740024,6.1787981374712295,-8.498367929999077
161,CC(=O)O/N=C(/C)C(=O)c(c1)ccc(c12)c3c([C@H]2CC)cccc3,CC([O])=O,CC[C@@H]1c2ccccc2-c2ccc(C(=O)C(C)=[N])cc21,[C],45.542165760016566,425548.634247675,5.628949201032593,-8.498367929999077
162,CC(=O)O/N=C(/C)C(=O)c(c1)ccc(c12)c3c(C2(C)C)cc(cc3)C(=O)/C(C)=N/OC(=O)C,CC([O])=O,CC(=[N])C(=O)c1ccc2c(c1)C(C)(C)c1cc(C(=O)/C(C)=N/OC(C)=O)ccc1-2,[C],46.093119540052335,1358992.9668099952,6.13321720913609,-8.498367929999077
163,CC(=O)O/N=C(/C)C(=O)c(c1)ccc(c12)c3c(C2(C)C)cc(cc3)C(=O)/C(C)=N/OC(=O)C,CC([O])=O,CC(=[N])C(=O)c1ccc2c(c1)C(C)(C)c1cc(C(=O)/C(C)=N\OC(C)=O)ccc1-2,[C],48.576176609989766,1358992.9668099952,6.13321720913609,-8.498367929999077
164,c1ccccc1C(=O)c(cc2)cc(c23)C(CCCC)(CCCC)c4c3ccc(c4)/C(C)=N/OC(=O)C,CC([O])=O,CCCCC1(CCCC)c2cc(C(C)=[N])ccc2-c2ccc(C(=O)c3ccccc3)cc21,[C],49.68937935003278,1447041.2644386832,6.16048091582014,809.9183718599961
165,c1cccc(c12)ccc(c2)C(=O)c(cc3)cc(c34)C(CCCC)(CCCC)c5c4ccc(c5)/C(C)=N/OC(=O)C,CC([O])=O,CCCCC1(CCCC)c2cc(C(C)=[N])ccc2-c2ccc(C(=O)c3ccc4ccccc4c3)cc21,[C],51.32592542989592,1963928.9851082382,6.293125779818943,-8.498367929999077
166,c1cccc(c12)C(CCCC)(CCCC)c3c2ccc(c3)C(=O)/C(=N\OC(=O)C)c4ccccc4,CC([O])=O,CCCCC1(CCCC)c2ccccc2-c2ccc(C(=O)C(=[N])c3ccccc3)cc21,[C],47.67193470006123,515781.71322741034,5.712465940389719,-8.498367929999077
167,CC(=O)O/N=C(\C)C(=O)c1ccc(cc1)-c(ccc2)c(c23)cccc3,CC([O])=O,CC(=[N])C(=O)c1ccc(-c2cccc3ccccc23)cc1,[C],47.41842065998789,345717.5616258197,5.5387214412244115,-8.498367929999077
168,O=[N+]([O-])c1ccc(cc1)/C(=N\OC(=O)C)c(c2)ccc(c23)c4c(cc([N+](=O)[O-])cc4)C3(CCCC)CCCC,CC([O])=O,CCCCC1(CCCC)c2cc(C(=[N])c3ccc([N+](=O)[O-])cc3)ccc2-c2ccc([N+](=O)[O-])cc21,[C],48.80898281990136,1578965.6209078075,6.198372674142193,-8.498367929999077
169,c1cc([N+]([O-])=O)cc(c12)C(CCCC)(CCCC)c3c2ccc(c3)/C(c4ccc([N+](=O)[O-])cc4)=N/OC(=O)c5ccccc5,[O]C(=O)c1ccccc1,CCCCC1(CCCC)c2cc(C(=[N])c3ccc([N+](=O)[O-])cc3)ccc2-c2ccc([N+](=O)[O-])cc21,[c]1ccccc1,44.376879690033704,1882326.9566193009,6.274695061770674,-8.498367929999077
170,CC(=O)O/N=C(\C)C(=O)c1ccc(cc1)Sc2ccc(cc2)C(=O)/C(C)=N/OC(=O)C,CC([O])=O,CC(=[N])C(=O)c1ccc(Sc2ccc(C(=O)/C(C)=N/OC(C)=O)cc2)cc1,[C],47.57969072993742,926553.9663620855,5.966870719511048,-8.498367929999077
171,CC(=O)O/N=C(/C)C(=O)c1ccc(cc1)-c2ccc(cc2)OC,CC([O])=O,COc1ccc(-c2ccc(C(=O)C(C)=[N])cc2)cc1,[C],44.910263189971154,867391.0940366216,5.938214958704364,-8.498367929999077
172,CC(=O)O/N=C(/C)C(=O)c1ccc(cc1)-c2ccc(cc2)Sc3ccccc3,CC([O])=O,CC(=[N])C(=O)c1ccc(-c2ccc(Sc3ccccc3)cc2)cc1,[C],44.95418889000293,1211381.4924345084,6.083280934198534,-8.498367929999077
173,c1cc(OC)cc(c12)C(CC)(CC)c3c2ccc(c3)C(=O)/C(C)=N/OC(=O)C,CC([O])=O,CCC1(CC)c2cc(OC)ccc2-c2ccc(C(=O)C(C)=[N])cc21,[C],52.54831490994862,909237.5187110533,5.958677348118698,-8.498367929999077
174,CCCCCC/C(=N\OC(=O)C)c(cn1CC)c(c12)cc([N+]([O-])=O)cc2,CC([O])=O,CCCCCCC(=[N])c1cn(CC)c2ccc([N+](=O)[O-])cc12,[C],53.72113110005515,145907.80827937735,5.164078533853066,-8.498367929999077
175,CC(=O)O/N=C(\C)C(=O)c1ccc(cc1)N2CCOCC2,CC([O])=O,CC(=[N])C(=O)c1ccc(N2CCOCC2)cc1,[C],47.12035341002704,744180.1683336132,5.871678092320776,-8.498367929999077
176,O=C(C)O\N=C(C)\c(c1)ccc(c12)n(CC)c3c2cc(cc3)C(=O)c4c(C)cc(cc4)O[C@@H](CO5)OC5(C)C,CC([O])=O,CCn1c2ccc(C(C)=[N])cc2c2cc(C(=O)c3ccc(O[C@H]4COC(C)(C)O4)cc3C)ccc21,[C],47.723390519931314,329472.9285498623,5.517819736185232,809.9183718599961
177,c1cc([N+](=O)[O-])ccc1-c2ccc(cc2)/C(=N/OC(=O)C)CCCCCC,CC([O])=O,CCCCCCC(=[N])c1ccc(-c2ccc([N+](=O)[O-])cc2)cc1,[C],49.86947471993478,1115924.9313119925,6.047634980431746,-8.498367929999077
178,CC(=O)O/N=C(\CCC)c(c1)ccc(c12)c3c(C2(CCC)CCC)cc([N+](=O)[O-])cc3,CC([O])=O,CCCC(=[N])c1ccc2c(c1)C(CCC)(CCC)c1cc([N+](=O)[O-])ccc1-2,[C],52.77547352994582,1525439.0495280563,6.183394859646433,809.9183718599961
179,CC(=O)O/N=C(/C)c(cc1)cc(c12)c3c(n2CC)ccc(c3)C(=O)c4c(C)cccc4,CC([O])=O,CCn1c2ccc(C(C)=[N])cc2c2cc(C(=O)c3ccccc3C)ccc21,[C],46.01719083003002,190572.96436880386,5.280061289490909,809.9183718599961
180,FC(F)C(F)(F)C(F)(F)C(F)(F)Oc1ccccc1/C(=N/OC(=O)C)c(cc2)cc(c23)c4c(n3C[C@H](CC)CCCC)c5c(cccc5)c(c4)C(=O)c6c(C)cc(C)cc6C,CC([O])=O,CCCC[C@@H](CC)Cn1c2ccc(C(=[N])c3ccccc3OC(F)(F)C(F)(F)C(F)(F)C(F)F)cc2c2cc(C(=O)c3c(C)cc(C)cc3C)c3ccccc3c21,[C],51.03099573021251,619478.3531748427,5.792026135149582,809.9183718599961
181,C1CCCC1CC/C(=N\OC(=O)C)c(cc2)cc(c23)c4c(n3CC)ccc(c4)C(=O)c5c(C)cccc5,CC([O])=O,CCn1c2ccc(C(=[N])CCC3CCCC3)cc2c2cc(C(=O)c3ccccc3C)ccc21,[C],48.40674890998949,413697.81157788617,5.616683223525046,-8.498367929999077
182,c12c3c4ccc1c(/C(C)=N/OC(=O)C)ccc2ccc3ccc4,CC([O])=O,CC(=[N])c1ccc2ccc3cccc4ccc1c2c34,[C],47.33621685005276,924222.8363812661,5.965776695184463,-8.498367929999077
183,CC(=O)O/N=C(\C)C(=O)c(c1)ccc(c12)N(C(=O)C)c3c(S2)cccc3,CC([O])=O,CC(=[N])C(=O)c1ccc2c(c1)Sc1ccccc1N2C(C)=O,[C],47.62110638997554,168440.83161322796,5.226447376919116,-8.498367929999077
184,CC(=O)O/N=C(\C)C(=O)c(c1)ccc(c12)N(CC)c3c(S2)cccc3,CC([O])=O,CCN1c2ccccc2Sc2cc(C(=O)C(C)=[N])ccc21,[C],47.76543369003918,246209.67928271153,5.391305122423241,-8.498367929999077
185,CC(=O)O/N=C(\C)C(=O)c(c(c12)cccn2)ccc1OCc3ccccc3,CC([O])=O,CC(=[N])C(=O)c1ccc(OCc2ccccc2)c2ncccc12,[C],46.443270120024366,553844.9235345053,5.743388179383321,-8.498367929999077
186,O=C(C)O\N=C(C)\C(=O)c(cc1)cc(c12)C(CCCC)(CCCC)c3c2ccc(c3)C(=O)/C(C)=N/OC(=O)C,CC([O])=O,CCCCC1(CCCC)c2cc(C(=O)C(C)=[N])ccc2-c2ccc(C(=O)/C(C)=N/OC(C)=O)cc21,[C],47.39520278997517,1716535.1565280913,6.2346527026815455,-8.498367929999077
187,O=C(C)O\N=C(CC)\C(=O)c(cc1)cc(c12)C(CCCC)(CCCC)c3c2ccc(c3)C(=O)/C(CC)=N/OC(=O)C,CC([O])=O,CCCCC1(CCCC)c2cc(C(=O)C(=[N])CC)ccc2-c2ccc(C(=O)/C(CC)=N/OC(C)=O)cc21,[C],44.112697979915964,1815994.1192908813,6.259114437817415,-8.498367929999077
188,CCCCCCC(=N/OC(=O)C)\c(cc1)cc(c12)C(CCCC)(CCCC)c3c2ccc(c3)/C(=N/OC(=O)C)CCCCCC,CC([O])=O,CCCCCCC(=[N])c1ccc2c(c1)C(CCCC)(CCCC)c1cc(/C(CCCCCC)=N/OC(C)=O)ccc1-2,[C],46.73004218994239,1789390.9035568987,6.252705225258827,-8.498367929999077
189,CCCCCCC(=N\OC(=O)C)\C(=O)c(cc1)cc(c12)C(CCCC)(CCCC)c3c2ccc(c3)C(=O)/C(=N\OC(=O)C)CCCCC,CC([O])=O,CCCCCCC(=[N])C(=O)c1ccc2c(c1)C(CCCC)(CCCC)c1cc(C(=O)/C(CCCCC)=N\OC(C)=O)ccc1-2,[C],44.67118187993272,1221037.3078418314,6.086728933676502,-8.498367929999077
190,CCCCCCC(=N\OC(=O)C)\C(=O)c(cc1)cc(c12)C(CCCC)(CCCC)c3c2ccc(c3)C(=O)/C(=N\OC(=O)C)CCCCC,CC([O])=O,CCCCCC/C(=N/OC(C)=O)C(=O)c1ccc2c(c1)C(CCCC)(CCCC)c1cc(C(=O)C(=[N])CCCCC)ccc1-2,[C],45.36081536997505,1221037.3078418314,6.086728933676502,-8.498367929999077
191,CCCCCC(=N/OC(=O)C)\C(=O)c(cc1)cc(c12)C(CCCC)(CCCC)c3c2ccc(c3)C(=O)/C(=N/OC(=O)C)CCCCC,CC([O])=O,CCCCCC(=[N])C(=O)c1ccc2c(c1)C(CCCC)(CCCC)c1cc(C(=O)/C(CCCCC)=N/OC(C)=O)ccc1-2,[C],48.01016258999202,1544321.1707619445,6.188737625134838,-8.498367929999077
192,CC(=O)O/N=C(/C)C(=O)c1ccc(cc1)-c2ccc(cc2)C(=O)/C(C)=N\OC(=O)C,CC([O])=O,CC(=[N])C(=O)c1ccc(-c2ccc(C(=O)/C(C)=N\OC(C)=O)cc2)cc1,[C],44.810489100009036,448850.0246784376,5.652101253397617,-8.498367929999077
193,CCCCCC(=N\OC(=O)C)\C(=O)c(cc1)ccc1-c2ccc(cc2)C(=O)/C(=N/OC(=O)C)CCCCC,CC([O])=O,CCCCCC(=[N])C(=O)c1ccc(-c2ccc(C(=O)/C(CCCCC)=N/OC(C)=O)cc2)cc1,[C],42.49434968993554,1014309.6766262774,6.006170568722491,-8.498367929999077
194,CCCCCC(=N\OC(=O)C)\C(=O)c(cc1)ccc1-c2ccc(cc2)C(=O)/C(=N/OC(=O)C)CCCCC,CC([O])=O,CCCCCC(=[N])C(=O)c1ccc(-c2ccc(C(=O)/C(CCCCC)=N\OC(C)=O)cc2)cc1,[C],45.68461053001362,1014309.6766262774,6.006170568722491,-8.498367929999077
195,CC(=O)O\N=C(C)\C(=O)c(cc1)cc(c12)C(CC)(CC)c3c2ccc(c3)C(=O)/C(C)=N/OC(=O)C,CC([O])=O,CCC1(CC)c2cc(C(=O)C(C)=[N])ccc2-c2ccc(C(=O)/C(C)=N/OC(C)=O)cc21,[C],50.71033811995199,1415520.4440051233,6.150916146152197,-8.498367929999077
196,CC(=O)O/N=C(\CC)C(=O)c(c1)ccc(c12)c3c(C2(CC)CC)cc(cc3)C(=O)/C(CC)=N/OC(=O)C,CC([O])=O,CCC(=[N])C(=O)c1ccc2c(c1)C(CC)(CC)c1cc(C(=O)/C(CC)=N/OC(C)=O)ccc1-2,[C],44.51744192996418,1790074.165848988,6.252871024919389,-8.498367929999077
197,CC(=O)O/N=C(\CCC)C(=O)c(c1)ccc(c12)c3c(C2(CC)CC)cc(cc3)C(=O)/C(CCC)=N/OC(=O)C,CC([O])=O,CCCC(=[N])C(=O)c1ccc2c(c1)C(CC)(CC)c1cc(C(=O)/C(CCC)=N/OC(C)=O)ccc1-2,[C],45.87035348997271,1503364.4976685569,6.177064290057546,4.678087050031344
198,CCC(=O)c(cc1)cc(c12)C(CC)(CC)c3c2ccc(c3)C(=O)/C(C)=N/OC(=O)C,CC([O])=O,CCC(=O)c1ccc2c(c1)C(CC)(CC)c1cc(C(=O)C(C)=[N])ccc1-2,[C],44.18360660995096,1337087.0755891842,6.126159690894369,-8.498367929999077
199,c1ccccc1C(=N/OC(=O)C)\C(=O)c(cc2)cc(c23)C(CC)(CC)c4c3ccc(c4)C(=O)/C(=N/OC(=O)C)c5ccccc5,CC([O])=O,CCC1(CC)c2cc(C(=O)C(=[N])c3ccccc3)ccc2-c2ccc(C(=O)/C(=N/OC(C)=O)c3ccccc3)cc21,[C],48.856673580066314,1770047.3733207749,6.24798488991914,-8.498367929999077
200,CC(=O)O/N=C(\CC)C(=O)c(c1)ccc(c12)C3=C(C2(CCC)CCC)C[C@H](C=C3)C(=O)/C(CC)=N/OC(=O)C,CC([O])=O,CCCC1(CCC)C2=C(C=C[C@H](C(=O)/C(CC)=N/OC(C)=O)C2)c2ccc(C(=O)C(=[N])CC)cc21,[C],47.66816964007073,310664.1932055693,5.492291199861415,-8.498367929999077
201,CC(=O)O/N=C(\CC)C(=O)c(c1)ccc(c12)C3=C(C2(CCC)CCC)C[C@H](C=C3)C(=O)/C(CC)=N/OC(=O)C,CC([O])=O,CCCC1(CCC)C2=C(C=C[C@H](C(=O)C(=[N])CC)C2)c2ccc(C(=O)/C(CC)=N/OC(C)=O)cc21,[C],55.37524746001661,310664.1932055693,5.492291199861415,-8.498367929999077
202,CC(=O)O/N=C(\CCC)C(=O)c(c1)ccc(c12)c3c(C2(CCC)CCC)cc(cc3)C(=O)/C(CCC)=N/OC(=O)C,CC([O])=O,CCCC(=[N])C(=O)c1ccc2c(c1)C(CCC)(CCC)c1cc(C(=O)/C(CCC)=N/OC(C)=O)ccc1-2,[C],47.96121680997292,1820551.582343745,6.2602029884662755,-8.498367929999077
203,c1cc([N+](=O)[O-])ccc1-c2ccc(cc2)C(=O)/C(CCCCC)=N/OC(=O)CC,CCC([O])=O,CCCCCC(=[N])C(=O)c1ccc(-c2ccc([N+](=O)[O-])cc2)cc1,[C]C,43.36784361015573,918005.5004083329,5.962845283368814,-8.498367929999077
204,CC(=O)O/N=C(/C)C(=O)c(c1)ccc(c12)c3c(C2(CC)CC)cccc3,CC([O])=O,CCC1(CC)c2ccccc2-c2ccc(C(=O)C(C)=[N])cc21,[C],45.03639270000941,446829.75686729816,5.650142087480594,-8.498367929999077
205,CCC(=O)O/N=C(\C)C(=O)c(c1)ccc(c12)c3c(C2(CC)CC)cccc3,CCC([O])=O,CCC1(CC)c2ccccc2-c2ccc(C(=O)C(C)=[N])cc21,[C]C,40.78752248996449,885532.0504990938,5.947204284445349,-8.498367929999077
206,CC(=O)O/N=C(/C)c(c1)ccc(c12)c3c(cc([N+]([O-])=O)cc3)C2(CCCC)CCCC,CC([O])=O,CCCCC1(CCCC)c2cc(C(C)=[N])ccc2-c2ccc([N+](=O)[O-])cc21,[C],46.97602611003474,957677.2418199131,5.981219166996625,-8.498367929999077
207,CC(=O)O/N=C(\CC)C(=O)c(c1)ccc(c12)N(c3c(S2)cc(cc3)C(=O)/C(CC)=N/OC(=O)C)CCCCCCCCCC,CC([O])=O,CCCCCCCCCCN1c2ccc(C(=O)C(=[N])CC)cc2Sc2cc(C(=O)/C(CC)=N/OC(C)=O)ccc21,[C],49.34299383005124,626070.6096507002,5.796623316680634,-8.498367929999077
208,CC(=O)O/N=C(\CC)c(c1)ccc(c12)N(CC)c3c(S2)cc(cc3)/C(CC)=N/OC(=O)C,CC([O])=O,CCC(=[N])c1ccc2c(c1)Sc1cc(/C(CC)=N/OC(C)=O)ccc1N2CC,[C],49.555092210086464,477053.8942890632,5.678567445434604,-8.498367929999077
209,CC(=O)O\N=C(CC)\C(=O)c(cc1)cc(c12)Sc3c(N2C(=O)C)ccc(c3)C(=O)/C(CC)=N/OC(=O)C,CC([O])=O,CCC(=[N])C(=O)c1ccc2c(c1)Sc1cc(C(=O)/C(CC)=N/OC(C)=O)ccc1N2C(C)=O,[C],47.31425400010821,355077.4609344201,5.550323105693689,-8.498367929999077
210,CC(=O)O/N=C(\CC)C(=O)c(c1)ccc(c12)N(CCCC)c3c(S2)cc(cc3)C(=O)/C(CC)=N/OC(=O)C,CC([O])=O,CCCCN1c2ccc(C(=O)C(=[N])CC)cc2Sc2cc(C(=O)/C(CC)=N/OC(C)=O)ccc21,[C],48.2341836599258,565734.6236244156,5.7526127588869205,-8.498367929999077
211,CC(=O)O/N=C(\CC)C(=O)c(c1)ccc(c12)N(C[C@H](CC)CCCC)c3c(S2)cc(cc3)C(=O)/C(CC)=N/OC(=O)C,CC([O])=O,CCCC[C@@H](CC)CN1c2ccc(C(=O)C(=[N])CC)cc2Sc2cc(C(=O)/C(CC)=N/OC(C)=O)ccc21,[C],47.03438453981605,563021.6002406379,5.7505250568146975,-8.498367929999077
212,O=C(C)O\N=C(CC)\C(=O)c(cc1)cc(c12)Sc3c(N2CCCCCC)ccc(c3)C(=O)/C(CC)=N\OC(=O)C,CC([O])=O,CCCCCCN1c2ccc(C(=O)C(=[N])CC)cc2Sc2cc(C(=O)/C(CC)=N\OC(C)=O)ccc21,[C],49.998114270109376,460984.9935630671,5.663686788038609,-8.498367929999077
213,O=C(C)O\N=C(CC)\C(=O)c(cc1)cc(c12)Sc3c(N2CCCCCC)ccc(c3)C(=O)/C(CC)=N\OC(=O)C,CC([O])=O,CCCCCCN1c2ccc(C(=O)C(=[N])CC)cc2Sc2cc(C(=O)/C(CC)=N/OC(C)=O)ccc21,[C],45.23468586007948,460984.9935630671,5.663686788038609,-8.498367929999077
214,O=C(C)O\N=C(CC)\C(=O)c(cc1)cc(c12)Sc3c(N2CCCCCCCC)ccc(c3)C(=O)/C(CC)=N\OC(=O)C,CC([O])=O,CCCCCCCCN1c2ccc(C(=O)C(=[N])CC)cc2Sc2cc(C(=O)/C(CC)=N\OC(C)=O)ccc21,[C],45.242215980060465,510320.96004901774,5.707843406166229,-8.498367929999077
215,O=C(C)O\N=C(CC)\C(=O)c(cc1)cc(c12)Sc3c(N2CCCCCCCC)ccc(c3)C(=O)/C(CC)=N\OC(=O)C,CC([O])=O,CCCCCCCCN1c2ccc(C(=O)C(=[N])CC)cc2Sc2cc(C(=O)/C(CC)=N/OC(C)=O)ccc21,[C],44.15348613016968,510320.96004901774,5.707843406166229,-8.498367929999077
216,CCCCCC(=N/OC(=O)C)\C(=O)c(cc1)cc(c12)Sc3c(N2CCCCCCCC)ccc(c3)C(=O)/C(=N/OC(=O)C)CCCCC,CC([O])=O,CCCCCCCCN1c2ccc(C(=O)C(=[N])CCCCC)cc2Sc2cc(C(=O)/C(CCCCC)=N/OC(C)=O)ccc21,[C],46.413777150027485,670578.4857621721,5.826449615802235,-8.498367929999077
