,Smiles,acetoxy_radical,iminyl_radical,free_radical,BDE
0,O=C(NCCCCCCNC(=O)ON=C1CCCCC1)ON=C1CCCCC1,[O]C(=O)NCCCCCCNC(=O)ON=C1CCCCC1,[N]=C1CCCCC1,[NH]CCCCCCNC(=O)ON=C1CCCCC1,41.420052570079655
1,CC(C)=NOC(=O)Nc1ccccc1,[O]C(=O)Nc1ccccc1,CC(C)=[N],[NH]c1ccccc1,42.731548469978726
2,CC(C)=NOC(=O)Nc1ccc(Cl)cc1,[O]C(=O)Nc1ccc(Cl)cc1,CC(C)=[N],[NH]c1ccc(Cl)cc1,43.41114179997507
3,CC(C)=NOC(=O)Nc1cc(Cl)ccc1Cl,[O]C(=O)Nc1cc(Cl)ccc1Cl,CC(C)=[N],[NH]c1cc(Cl)ccc1Cl,44.4879489599673
4,CC(C)=NOC(=O)Nc1cccc(Cl)c1,[O]C(=O)Nc1cccc(Cl)c1,CC(C)=[N],[NH]c1cccc(Cl)c1,43.63641788990568
5,CC(C)=NOC(=O)Nc1cccc(C)c1,Cc1cccc(NC([O])=O)c1,CC(C)=[N],[NH]c1cccc(C)c1,42.49183965001322
7,CNC(=O)ON=C(c1ccccc1)c1ccccc1,CNC([O])=O,[N]=C(c1ccccc1)c1ccccc1,[NH]C,40.98016806004882
8,CC(C)=NOC(=O)Nc1ccc(F)cc1,[O]C(=O)Nc1ccc(F)cc1,CC(C)=[N],[NH]c1ccc(F)cc1,42.86395308007248
10,CC(C)(C)C1CCC(=NOC(=O)c2ccc([N+](=O)[O-])cc2)CC1,[O]C(=O)c1ccc([N+](=O)[O-])cc1,CC(C)(C)C1CCC(=[N])CC1,[c]1ccc([N+](=O)[O-])cc1,41.71247222991208
11,CC(C)(C)C1CCC(=NOC(=O)c2cccc([N+](=O)[O-])c2)CC1,[O]C(=O)c1cccc([N+](=O)[O-])c1,CC(C)(C)C1CCC(=[N])CC1,[c]1cccc([N+](=O)[O-])c1,40.25162895003338
12,O=C1C=CC(=NOC(=O)c2cccc([N+](=O)[O-])c2)C=C1,[O]C(=O)c1cccc([N+](=O)[O-])c1,[N]=C1C=CC(=O)C=C1,[c]1cccc([N+](=O)[O-])c1,46.93900301998553
13,O=C(Nc1ccccc1)ON=C1CCCC1,[O]C(=O)Nc1ccccc1,[N]=C1CCCC1,[NH]c1ccccc1,42.66691493999923
15,O=C(ON=C1CCCCCCCCCCC1)c1cccs1,[O]C(=O)c1cccs1,[N]=C1CCCCCCCCCCC1,[c]1cccs1,44.98556439006639
18,CC(C)=NOC(=O)Nc1ccc(Cl)c(Cl)c1,[O]C(=O)Nc1ccc(Cl)c(Cl)c1,CC(C)=[N],[NH]c1ccc(Cl)c(Cl)c1,44.05935962997929
20,CC(C)c1cccc(C(C)C)c1NC(=O)ON=C1CCCCC1,CC(C)c1cccc(C(C)C)c1NC([O])=O,[N]=C1CCCCC1,[NH]c1c(C(C)C)cccc1C(C)C,42.10592100006015
21,CCc1cccc(C)c1NC(=O)ON=C(C)C,CCc1cccc(C)c1NC([O])=O,CC(C)=[N],[NH]c1c(C)cccc1CC,40.71473133000559
22,Cc1ccc(NC(=O)ON=C2CCCCC2)cc1Cl,Cc1ccc(NC([O])=O)cc1Cl,[N]=C1CCCCC1,[NH]c1ccc(C)c(Cl)c1,42.62675430010063
23,CC(C)=NOC(=O)Nc1cccc([N+](=O)[O-])c1,[O]C(=O)Nc1cccc([N+](=O)[O-])c1,CC(C)=[N],[NH]c1cccc([N+](=O)[O-])c1,45.33257742004635
24,Cc1cc(Cl)ccc1NC(=O)ON=C1CCCCC1,Cc1cc(Cl)ccc1NC([O])=O,[N]=C1CCCCC1,[NH]c1ccc(Cl)cc1C,42.18498725993187
25,CC(C)=NOC(=O)OCc1ccccc1,[O]C(=O)OCc1ccccc1,CC(C)=[N],[O]Cc1ccccc1,43.022085600029925
26,COc1ccccc1NC(=O)ON=C(C)C,COc1ccccc1NC([O])=O,CC(C)=[N],[NH]c1ccccc1OC,42.42971616002738
27,Cc1cc([N+](=O)[O-])ccc1NC(=O)ON=C1CCCCC1,Cc1cc([N+](=O)[O-])ccc1NC([O])=O,[N]=C1CCCCC1,[NH]c1ccc([N+](=O)[O-])cc1C,40.362070710039895
28,CCc1cccc(CC)c1NC(=O)ON=C1CCCCC1,CCc1cccc(CC)c1NC([O])=O,[N]=C1CCCCC1,[NH]c1c(CC)cccc1CC,39.8261771699661
30,CC(C)=NOC(=O)Nc1ccc(Cl)cc1Cl,[O]C(=O)Nc1ccc(Cl)cc1Cl,CC(C)=[N],[NH]c1ccc(Cl)cc1Cl,44.349269249960734
31,CC(C)=NOC(=O)Nc1ccc(C)c(C)c1,Cc1ccc(NC([O])=O)cc1C,CC(C)=[N],[NH]c1ccc(C)c(C)c1,42.06952542000936
32,O=C(Nc1ccc(Cl)cc1Cl)ON=C1CCCCC1,[O]C(=O)Nc1ccc(Cl)cc1Cl,[N]=C1CCCCC1,[NH]c1ccc(Cl)cc1Cl,40.210213290137936
34,CC(C)=NOC(=O)Nc1ccc(C)c(Cl)c1,Cc1ccc(NC([O])=O)cc1Cl,CC(C)=[N],[NH]c1ccc(C)c(Cl)c1,43.45695002993075
35,O=C(ON=C1CCCCCCCCCCC1)c1ccc(F)cc1,[O]C(=O)c1ccc(F)cc1,[N]=C1CCCCCCCCCCC1,[c]1ccc(F)cc1,47.277230909987665
36,CC(C)=NOC(=O)Nc1ccccc1C,Cc1ccccc1NC([O])=O,CC(C)=[N],[NH]c1ccccc1C,42.23142300002865
37,CCc1ccccc1NC(=O)ON=C(C)C,CCc1ccccc1NC([O])=O,CC(C)=[N],[NH]c1ccccc1CC,42.082703130047435
38,CC(C)=NOC(=O)Nc1cccc(C(F)(F)F)c1,[O]C(=O)Nc1cccc(C(F)(F)F)c1,CC(C)=[N],[NH]c1cccc(C(F)(F)F)c1,44.17042889998422
39,O=C(Nc1cccc([N+](=O)[O-])c1)ON=C1CCCCC1,[O]C(=O)Nc1cccc([N+](=O)[O-])c1,[N]=C1CCCCC1,[NH]c1cccc([N+](=O)[O-])c1,41.22238692000799
40,Cc1ccc(NC(=O)ON=C2CCCCC2)c(C)c1,Cc1ccc(NC([O])=O)c(C)c1,[N]=C1CCCCC1,[NH]c1ccc(C)cc1C,39.110815769988726
42,CC(C)=NOC(=O)Nc1ccc(Br)cc1,[O]C(=O)Nc1ccc(Br)cc1,CC(C)=[N],[NH]c1ccc(Br)cc1,43.398591600292114
43,CC(C)=NOC(=O)Nc1cc(C)cc(C)c1,Cc1cc(C)cc(NC([O])=O)c1,CC(C)=[N],[NH]c1cc(C)cc(C)c1,42.152356740014255
44,CC(C)=NOC(=O)Nc1cccc(C)c1C,Cc1cccc(NC([O])=O)c1C,CC(C)=[N],[NH]c1cccc(C)c1C,41.83358166003435
46,CC(C)=NOC(=O)Nc1ccccc1Cl,[O]C(=O)Nc1ccccc1Cl,CC(C)=[N],[NH]c1ccccc1Cl,43.71422912985191
47,CC(C)=NOC(=O)Nc1ccc([N+](=O)[O-])cc1C,Cc1cc([N+](=O)[O-])ccc1NC([O])=O,CC(C)=[N],[NH]c1ccc([N+](=O)[O-])cc1C,44.45029835999102
48,CC(C)=NOC(=O)Nc1cccc(Cl)c1Cl,[O]C(=O)Nc1cccc(Cl)c1Cl,CC(C)=[N],[NH]c1cccc(Cl)c1Cl,44.21435459994466
50,O=C(Nc1ccc(Br)cc1)ON=C1CCCCC1,[O]C(=O)Nc1ccc(Br)cc1,[N]=C1CCCCC1,[NH]c1ccc(Br)cc1,42.74284365002155
53,COc1c(Cl)cccc1NC(=O)ON=C1CCCCC1,COc1c(Cl)cccc1NC([O])=O,[N]=C1CCCCC1,[NH]c1cccc(Cl)c1OC,39.073165170012444
54,CCc1ccccc1NC(=O)ON=C1CCCCC1,CCc1ccccc1NC([O])=O,[N]=C1CCCCC1,[NH]c1ccccc1CC,41.384912010025694
55,Cc1ccc(Cl)cc1NC(=O)ON=C1CCCCC1,Cc1ccc(Cl)cc1NC([O])=O,[N]=C1CCCCC1,[NH]c1cc(Cl)ccc1C,39.08446034998393
56,CC(C)=NONc1cccc2c(NC(=O)ON=C(C)C)cccc12,CC(C)=NONc1cccc2c(NC([O])=O)cccc12,CC(C)=[N],[NH]c1cccc2c(NON=C(C)C)cccc12,45.47753222996573
57,COc1ccc(C)cc1NC(=O)ON=C(C)C,COc1ccc(C)cc1NC([O])=O,CC(C)=[N],[NH]c1cc(C)ccc1OC,42.16553445005232
58,O=C(Nc1cccc(Cl)c1Cl)ON=C1CCCCC1,[O]C(=O)Nc1cccc(Cl)c1Cl,[N]=C1CCCCC1,[NH]c1cccc(Cl)c1Cl,40.06337594993795
59,O=C(Nc1ccc(Cl)c(Cl)c1)ON=C1CCCCC1,[O]C(=O)Nc1ccc(Cl)c(Cl)c1,[N]=C1CCCCC1,[NH]c1ccc(Cl)c(Cl)c1,39.76217114998502
61,CC(C)=NOC(=O)Nc1cc(Cl)c(Cl)cc1Cl,[O]C(=O)Nc1cc(Cl)c(Cl)cc1Cl,CC(C)=[N],[NH]c1cc(Cl)c(Cl)cc1Cl,44.95356137993318
66,O=C(Nc1ccc(Cl)cc1)ON=C1CCCCC1,[O]C(=O)Nc1ccc(Cl)cc1,[N]=C1CCCCC1,[NH]c1ccc(Cl)cc1,42.75476634006279
68,COc1ccc(Cl)cc1NC(=O)ON=C1CCCCC1,COc1ccc(Cl)cc1NC([O])=O,[N]=C1CCCCC1,[NH]c1cc(Cl)ccc1OC,39.0505748099268
69,O=C(Nc1ccc(Cl)c(Cl)c1)ON=C1CCCC1,[O]C(=O)Nc1ccc(Cl)c(Cl)c1,[N]=C1CCCC1,[NH]c1ccc(Cl)c(Cl)c1,44.06186966997295
70,Cc1ccc(NC(=O)ON=C2CCCCC2)cc1[N+](=O)[O-],Cc1ccc(NC([O])=O)cc1[N+](=O)[O-],[N]=C1CCCCC1,[NH]c1ccc(C)c([N+](=O)[O-])c1,43.74246708006597
71,CC(C)=NOC(=O)NCCCCCCNC(=O)ON=C(C)C,CC(C)=NOC(=O)NCCCCCCNC([O])=O,CC(C)=[N],[NH]CCCCCCNC(=O)ON=C(C)C,41.792793509994645
72,O=C(ON=C1CCCCCCCCCCC1)c1ccc([N+](=O)[O-])cc1,[O]C(=O)c1ccc([N+](=O)[O-])cc1,[N]=C1CCCCCCCCCCC1,[c]1ccc([N+](=O)[O-])cc1,45.10228124991439
73,CC(C)=NOC(=O)Nc1ccc(C)c([N+](=O)[O-])c1,Cc1ccc(NC([O])=O)cc1[N+](=O)[O-],CC(C)=[N],[NH]c1ccc(C)c([N+](=O)[O-])c1,43.11495708000947
74,O=C(Nc1ccccc1Cl)ON=C1CCCCC1,[O]C(=O)Nc1ccccc1Cl,[N]=C1CCCCC1,[NH]c1ccccc1Cl,39.54003260997515
75,COc1cccc(C)c1NC(=O)ON=C1CCCCC1,COc1cccc(C)c1NC([O])=O,[N]=C1CCCCC1,[NH]c1c(C)cccc1OC,40.6344100500657
76,O=C(Nc1cccc(C(F)(F)F)c1)ON=C1CCCCC1,[O]C(=O)Nc1cccc(C(F)(F)F)c1,[N]=C1CCCCC1,[NH]c1cccc(C(F)(F)F)c1,39.5789382300196
77,O=C(Nc1cc(C(F)(F)F)ccc1Cl)ON=C1CCCCC1,[O]C(=O)Nc1cc(C(F)(F)F)ccc1Cl,[N]=C1CCCCC1,[NH]c1cc(C(F)(F)F)ccc1Cl,40.45054962003053
79,CC(C)=NOC(=O)Nc1c(C)cccc1C,Cc1cccc(C)c1NC([O])=O,CC(C)=[N],[NH]c1c(C)cccc1C,41.39118711000985
80,Cc1ccc(C(=O)ON=C2CCCCCCCCCCC2)cc1,Cc1ccc(C([O])=O)cc1,[N]=C1CCCCCCCCCCC1,[c]1ccc(C)cc1,42.95180447999335
81,O=C(Nc1cccc(Br)c1)ON=C1CCCCC1,[O]C(=O)Nc1cccc(Br)c1,[N]=C1CCCCC1,[NH]c1cccc(Br)c1,39.6404342101497
82,CC(C)=NOC(=O)Nc1ccc(Cl)cc1C,Cc1cc(Cl)ccc1NC([O])=O,CC(C)=[N],[NH]c1ccc(Cl)cc1C,42.84701031004391
83,CC(C)=NOC(=O)Nc1cc(C(F)(F)F)ccc1Cl,[O]C(=O)Nc1cc(C(F)(F)F)ccc1Cl,CC(C)=[N],[NH]c1cc(C(F)(F)F)ccc1Cl,44.5808204398755
84,O=C(Nc1cc(Cl)ccc1Cl)ON=C1CCCCC1,[O]C(=O)Nc1cc(Cl)ccc1Cl,[N]=C1CCCCC1,[NH]c1cc(Cl)ccc1Cl,40.346382960008164
85,CCc1cccc(CC)c1NC(=O)ON=C(C)C,CCc1cccc(CC)c1NC([O])=O,CC(C)=[N],[NH]c1c(CC)cccc1CC,41.2675676400366
87,CC(C)=NOC(=O)Nc1c(C(C)C)cccc1C(C)C,CC(C)c1cccc(C(C)C)c1NC([O])=O,CC(C)=[N],[NH]c1c(C(C)C)cccc1C(C)C,42.53702037004182
88,CC(C)=NOC(=O)Nc1cc(C)ccc1C,Cc1ccc(C)c(NC([O])=O)c1,CC(C)=[N],[NH]c1cc(C)ccc1C,41.9942242200568
89,COc1ccc(OC)c(NC(=O)ON=C(C)C)c1,COc1ccc(OC)c(NC([O])=O)c1,CC(C)=[N],[NH]c1cc(OC)ccc1OC,42.403360740022585
90,COc1c(Cl)cccc1NC(=O)ON=C(C)C,COc1c(Cl)cccc1NC([O])=O,CC(C)=[N],[NH]c1cccc(Cl)c1OC,43.29003236992414
91,CC(C)=NOC(=O)Nc1cc(Cl)ccc1C,Cc1ccc(Cl)cc1NC([O])=O,CC(C)=[N],[NH]c1cc(Cl)ccc1C,43.25112675002237
94,CCc1cccc(C)c1NC(=O)ON=C1CCCCC1,CCc1cccc(C)c1NC([O])=O,[N]=C1CCCCC1,[NH]c1c(C)cccc1CC,39.98744723998697
95,CC(C)=NOC(=O)Nc1c(C)cccc1Cl,Cc1cccc(Cl)c1NC([O])=O,CC(C)=[N],[NH]c1c(C)cccc1Cl,39.227532630050746
96,CC(C)=NOC(=O)Nc1c(Cl)cccc1Cl,[O]C(=O)Nc1c(Cl)cccc1Cl,CC(C)=[N],[NH]c1c(Cl)cccc1Cl,42.483054509964056
97,Cc1ncc(COC(=O)c2ccccc2)c(C=NOC(=O)c2ccccc2)c1OC(=O)c1ccccc1,[O]C(=O)c1ccccc1,Cc1ncc(COC(=O)c2ccccc2)c(C=[N])c1OC(=O)c1ccccc1,[c]1ccccc1,43.919424899975894
98,O=C(Nc1cc(Cl)c(Cl)cc1Cl)ON=C1CCCCC1,[O]C(=O)Nc1cc(Cl)c(Cl)cc1Cl,[N]=C1CCCCC1,[NH]c1cc(Cl)c(Cl)cc1Cl,40.84086083990116
99,O=C(Nc1cccc(Cl)c1)ON=C1CCCCC1,[O]C(=O)Nc1cccc(Cl)c1,[N]=C1CCCCC1,[NH]c1cccc(Cl)c1,39.63039405003237
101,O=C(ON=C1CCCCCCCCCCC1)c1ccc(Cl)cc1,[O]C(=O)c1ccc(Cl)cc1,[N]=C1CCCCCCCCCCC1,[c]1ccc(Cl)cc1,43.751879730042205
102,CNC(=O)O/N=C(\C)C(C)SC,CNC([O])=O,CSC(C)C(C)=[N],[NH]C,39.81488198999462
103,CNC(=O)O/N=C(/CS(C)=O)C(C)(C)C,CNC([O])=O,CS(=O)CC(=[N])C(C)(C)C,[NH]C,40.15436490006493
104,CC(C)(C)OC(=O)O/N=C(\C#N)c1ccccc1,CC(C)(C)OC([O])=O,[N]=C(C#N)c1ccccc1,[O]C(C)(C)C,44.43272808003538
105,C#CCOC(=O)O/N=c1\sc2ccccc2n1CCSCCO,C#CCOC([O])=O,[N]=c1sc2ccccc2n1CCSCCO,[O]CC#C,48.398591280081426
106,CCOC(=O)/C(=N\OC(=O)c1ccc(Cl)cc1)c1csc(NC(=O)c2ccc(Cl)cc2)n1,[O]C(=O)c1ccc(Cl)cc1,CCOC(=O)C(=[N])c1csc(NC(=O)c2ccc(Cl)cc2)n1,[c]1ccc(Cl)cc1,44.65925918989148
107,C/C(Cc1ccccc1)=N\OC(=O)Nc1ccccc1,[O]C(=O)Nc1ccccc1,CC(=[N])Cc1ccccc1,[NH]c1ccccc1,42.68072016003572
108,COc1ccc(COC(=O)O/N=C(/C#N)c2ccccc2)cc1,COc1ccc(COC([O])=O)cc1,[N]=C(C#N)c1ccccc1,[O]Cc1ccc(OC)cc1,42.466111740078176
109,O=C(Nc1cc(Cl)ccc1Cl)O/N=C\c1ccccn1,[O]C(=O)Nc1cc(Cl)ccc1Cl,[N]=Cc1ccccn1,[NH]c1cc(Cl)ccc1Cl,39.718245449953244
110,COc1ccc(Cl)cc1NC(=O)O/N=C\c1ccncc1,COc1ccc(Cl)cc1NC([O])=O,[N]=Cc1ccncc1,[NH]c1cc(Cl)ccc1OC,41.23932968996522
111,O=C(O/N=C\c1ccccc1)N1CCOCC1,[O]C(=O)N1CCOCC1,[N]=Cc1ccccc1,[NH]1CCOCC1,42.97188479994266
112,O=C(O/N=C\c1cc([N+](=O)[O-])ccc1SC1CCCCC1)c1ccc(Cl)cc1,[O]C(=O)c1ccc(Cl)cc1,[N]=Cc1cc([N+](=O)[O-])ccc1SC1CCCCC1,[c]1ccc(Cl)cc1,44.55885759014497
113,CC(=O)Nc1ccc(/C=N\OC(C)=O)cc1,CC([O])=O,CC(=O)Nc1ccc(C=[N])cc1,[C],42.1134511199698
116,CCOc1ccc(C(=O)/C(C)=N/OC(=O)Nc2cccc(Cl)c2)cc1,[O]C(=O)Nc1cccc(Cl)c1,CCOc1ccc(C(=O)C(C)=[N])cc1,[NH]c1cccc(Cl)c1,42.34813986009067
117,CC/C(C)=N/OC(=O)Nc1ccccc1,[O]C(=O)Nc1ccccc1,CCC(C)=[N],[NH]c1ccccc1,43.21786871996366
118,COc1ccccc1/C=N/OC(=O)c1cccc([N+](=O)[O-])c1,[O]C(=O)c1cccc([N+](=O)[O-])c1,COc1ccccc1C=[N],[c]1cccc([N+](=O)[O-])c1,42.23832561001122
119,O=C(O/N=C/c1ccc(Cl)cc1)c1ccccc1,[O]C(=O)c1ccccc1,[N]=Cc1ccc(Cl)cc1,[c]1ccccc1,44.57140778997061
120,CNC(=O)O/N=C/C(C)(C)S(C)=O,CNC([O])=O,CS(=O)C(C)(C)C=[N],[NH]C,43.93260261001396
121,CNC(=O)O/N=C/C(C)(C)SC,CNC([O])=O,CSC(C)(C)C=[N],[NH]C,41.86056458996622
122,CNC(=O)O/N=C/C(C)(C)S(C)(=O)=O,CNC([O])=O,CC(C)(C=[N])S(C)(=O)=O,[NH]C,40.00313498994736
123,CNC(=O)O/N=C(\C)C(C)S(C)(=O)=O,CNC([O])=O,CC(=[N])C(C)S(C)(=O)=O,[NH]C,39.61031373008307
125,CNC(=O)O/N=C(\C)C(C)S(C)=O,CNC([O])=O,CC(=[N])C(C)S(C)=O,[NH]C,43.82090583001061
126,CNC(=O)O/N=C(\SC)C(=O)N(C)C,CNC([O])=O,CSC(=[N])C(=O)N(C)C,[NH]C,42.75100127992961
127,COc1ccc(/C=N/OC(=O)c2cc([N+](=O)[O-])cc([N+](=O)[O-])c2)cc1,[O]C(=O)c1cc([N+](=O)[O-])cc([N+](=O)[O-])c1,COc1ccc(C=[N])cc1,[c]1cc([N+](=O)[O-])cc([N+](=O)[O-])c1,48.2429688000463
128,O=C(Nc1ccccc1)O/N=C/c1ccc2c(c1)OCO2,[O]C(=O)Nc1ccccc1,[N]=Cc1ccc2c(c1)OCO2,[NH]c1ccccc1,43.54166388007357
129,CC/C(C)=N/OC(=O)Nc1ccc(Cl)c(Cl)c1,[O]C(=O)Nc1ccc(Cl)c(Cl)c1,CCC(C)=[N],[NH]c1ccc(Cl)c(Cl)c1,44.06939978995394
130,COc1ccccc1NC(=O)O/N=C/c1cccc(C)n1,COc1ccccc1NC([O])=O,Cc1cccc(C=[N])n1,[NH]c1ccccc1OC,46.845504030078914
131,CC(C)(Oc1ccc(Cl)cc1)/C(N)=N/OC(=O)c1cccnc1,[O]C(=O)c1cccnc1,CC(C)(Oc1ccc(Cl)cc1)C(=[N])N,[c]1cccnc1,49.09010730004766
132,O=C(Nc1cccc(C(F)(F)F)c1)O/N=C/c1ccc2c(c1)OCO2,[O]C(=O)Nc1cccc(C(F)(F)F)c1,[N]=Cc1ccc2c(c1)OCO2,[NH]c1cccc(C(F)(F)F)c1,45.16942482010157
133,COc1ccc(Br)cc1/C=N/OC(=O)c1ccc(C(C)(C)C)cc1,CC(C)(C)c1ccc(C([O])=O)cc1,COc1ccc(Br)cc1C=[N],[c]1ccc(C(C)(C)C)cc1,44.01857147986825
134,CCOC(=O)O/N=C/c1ccc(OC)cc1,CCOC([O])=O,COc1ccc(C=[N])cc1,[O]CC,44.024846579995085
135,Cc1ccc(/C=N/OC(=O)Nc2ccccc2)c(C)c1,[O]C(=O)Nc1ccccc1,Cc1ccc(C=[N])c(C)c1,[NH]c1ccccc1,42.96309965996483
136,Cc1ccc(/C=N/OC(=O)Nc2cccc(C(F)(F)F)c2)c(C)c1,[O]C(=O)Nc1cccc(C(F)(F)F)c1,Cc1ccc(C=[N])c(C)c1,[NH]c1cccc(C(F)(F)F)c1,43.69603133996919
137,COc1ccccc1/C=N/OC(=O)c1ccc(C)cc1,Cc1ccc(C([O])=O)cc1,COc1ccccc1C=[N],[c]1ccc(C)cc1,40.143069720022105
138,O=C(O/N=C/c1ccc(Cl)cc1)c1cccc([N+](=O)[O-])c1,[O]C(=O)c1cccc([N+](=O)[O-])c1,[N]=Cc1ccc(Cl)cc1,[c]1cccc([N+](=O)[O-])c1,45.75426414005178
139,CN(C)c1ccc(/C=N/OC(=O)c2ccc([N+](=O)[O-])cc2)cc1,[O]C(=O)c1ccc([N+](=O)[O-])cc1,CN(C)c1ccc(C=[N])cc1,[c]1ccc([N+](=O)[O-])cc1,46.929590370009294
140,O=C(O/N=C/c1ccc(Cl)cc1)c1ccc(Cl)cc1,[O]C(=O)c1ccc(Cl)cc1,[N]=Cc1ccc(Cl)cc1,[c]1ccc(Cl)cc1,45.08031840004118
141,CCC(C)/C=N/OC(=O)Nc1cccc(C(F)(F)F)c1,[O]C(=O)Nc1cccc(C(F)(F)F)c1,CCC(C)C=[N],[NH]c1cccc(C(F)(F)F)c1,42.916663919939396
142,O=C(Nc1ccc(Cl)c(Cl)c1)O/N=C/c1ccc2c(c1)OCO2,[O]C(=O)Nc1ccc(Cl)c(Cl)c1,[N]=Cc1ccc2c(c1)OCO2,[NH]c1ccc(Cl)c(Cl)c1,45.457451910016424
143,O=C(O/N=C/c1cc[n+]([O-])cc1)c1ccccc1,[O]C(=O)c1ccccc1,[N]=Cc1cc[n+]([O-])cc1,[c]1ccccc1,45.02949009002683
144,O=C(ON=C(c1ccccc1)c1ccccc1)c1ccc([N+](=O)[O-])cc1,[O]C(=O)c1ccc([N+](=O)[O-])cc1,[N]=C(c1ccccc1)c1ccccc1,[c]1ccc([N+](=O)[O-])cc1,44.27961564006525
145,CC(=O)O/N=C1\C(=O)N(Cc2cc(Cl)ccc2Cl)c2ccc(Cl)cc21,CC([O])=O,[N]=C1C(=O)N(Cc2cc(Cl)ccc2Cl)c2ccc(Cl)cc21,[C],43.27748217009851
146,CNC(=O)O/N=[13C](\SC)C(=O)N(C)C,CNC([O])=O,CS[13C](=[N])C(=O)N(C)C,[NH]C,42.75100127992961
147,CC(=O)O/N=C1/C(c2c(O)[nH]c3cc(Br)ccc23)=Nc2ccccc21,CC([O])=O,[N]=C1C(c2c(O)[nH]c3cc(Br)ccc23)=Nc2ccccc21,[C],46.44201510017021
148,CCCCC/C(=N\OC(=O)Nc1ccccc1)c1cc(C)ccc1O,[O]C(=O)Nc1ccccc1,CCCCCC(=[N])c1cc(C)ccc1O,[NH]c1ccccc1,41.8172664000042
149,CCCCCCCCCCC/C(=N\OC(=O)Nc1ccccc1)c1cc(C)ccc1O,[O]C(=O)Nc1ccccc1,CCCCCCCCCCCC(=[N])c1cc(C)ccc1O,[NH]c1ccccc1,45.958204890036264
150,CC(=O)O/N=C(\C)c(cc1)c(c2c13)cccc2CC3,CC([O])=O,CC(=[N])c1ccc2c3c(cccc13)CC2,[C],41.46084072004801
151,CC(=O)O\N=C(CC)\c(cc1)c(c2c13)cccc2CC3,CC([O])=O,CCC(=[N])c1ccc2c3c(cccc13)CC2,[C],41.450173050003606
152,CC(=O)O/N=C(\C)C(=O)c1ccc(cc1)-c2ccc(cc2)C(=O)c3ccccc3,CC([O])=O,CC(=[N])C(=O)c1ccc(-c2ccc(C(=O)c3ccccc3)cc2)cc1,[C],42.186869789998454
153,c1cccc(c12)C(=O)N(C2=O)Cc3ccc(cc3)/C(CC)=N\OC(=O)C,CC([O])=O,CCC(=[N])c1ccc(CN2C(=O)c3ccccc3C2=O)cc1,[C],41.561869830006955
154,CCCCCC(=N/OC(=O)C)\c(cc1)cc(c12)nc(C)n2CCCC,CC([O])=O,CCCCCC(=[N])c1ccc2c(c1)nc(C)n2CCCC,[C],44.18486163009047
155,CCCCC(=N/OC(=O)C)\C(=O)c(cc1)cc(c12)nc(C)n2CCCC,CC([O])=O,CCCCC(=[N])C(=O)c1ccc2c(c1)nc(C)n2CCCC,[C],41.59073528993408
156,c1ccccc1C/C(=N/OC(=O)C)c2ccc(cc2)-c3ccccc3,CC([O])=O,[N]=C(Cc1ccccc1)c1ccc(-c2ccccc2)cc1,[C],41.14269315006652
158,c1ccccc1-c2ccc(cc2)/C(=N/OC(=O)C)CCCCC,CC([O])=O,CCCCCC(=[N])c1ccc(-c2ccccc2)cc1,[C],44.81111661000745
159,[O-][N+](=O)c1ccc(cc1)/C(=N\OC(=O)C)c2ccc(cc2)-c3ccccc3,CC([O])=O,[N]=C(c1ccc(-c2ccccc2)cc1)c1ccc([N+](=O)[O-])cc1,[C],42.6073014900784
160,c1ccccc1/C(=N\OC(=O)C)C(=O)c2ccc(cc2)-c3ccccc3,CC([O])=O,[N]=C(C(=O)c1ccc(-c2ccccc2)cc1)c1ccccc1,[C],39.99748739989028
161,O=[N+]([O-])c(c1)ccc(c12)n(COCC)c3c2cc(cc3)C(=O)/C(C)=N\OC(=O)C,CC([O])=O,CCOCn1c2ccc(C(=O)C(C)=[N])cc2c2cc([N+](=O)[O-])ccc21,[C],39.108933239993476
162,c1cc(OC)cc(c12)c3c(n2CC)ccc(c3)C(=O)/C(C)=N\OC(=O)C,CC([O])=O,CCn1c2ccc(OC)cc2c2cc(C(=O)C(C)=[N])ccc21,[C],39.0687725999522
164,CC(=O)O/N=C(\C(=O)C)C(=O)c(c1)ccc(c12)c3c(cccc3)C2(CCCC)CCCC,CC([O])=O,CCCCC1(CCCC)c2ccccc2-c2ccc(C(=O)C(=[N])C(C)=O)cc21,[C],40.69967109004361
165,OC(=O)c1ccccc1c(c(c23)cccc2)=C4[C@@H]3C=C(C=C4)/C(C)=N/OC(=O)C,CC([O])=O,CC(=[N])C1=C[C@H]2C(=C(c3ccccc3C(=O)O)c3ccccc32)C=C1,[C],43.948290360045696
166,CC(=O)O/N=C(/CCC)c(cn1CC)c(c12)cccc2,CC([O])=O,CCCC(=[N])c1cn(CC)c2ccccc12,[C],43.158882780041246
167,O=C(C)O\N=C(C)\C(=O)c(c1)ccc(c1Sc(c23)cccc2)N3CCCCCCCCCC,CC([O])=O,CCCCCCCCCCN1c2ccccc2Sc2cc(C(=O)C(C)=[N])ccc21,[C],45.82580028001385
168,CC(=O)O/N=C(\C)C(=O)c1ccc(cc1)CN(C2=O)C(=O)c(c23)cccc3,CC([O])=O,CC(=[N])C(=O)c1ccc(CN2C(=O)c3ccccc3C2=O)cc1,[C],41.99987181004254
169,n1cccc(c12)c(/C(C)=N/OC(=O)C)ccc2OCc3ccccc3,CC([O])=O,CC(=[N])c1ccc(OCc2ccccc2)c2ncccc12,[C],42.36069006005898
170,CCCCCC(=N\OC(=O)C)\c(cc1)cc(c12)Cc3c2ccc(c3)/C(=N/OC(=O)C)CCCCC,CC([O])=O,CCCCCC(=[N])c1ccc2c(c1)Cc1cc(/C(CCCCC)=N/OC(C)=O)ccc1-2,[C],42.08709570003634
171,CCCCCC(=N\OC(=O)C)\c(cc1)cc(c12)Cc3c2ccc(c3)/C(=N/OC(=O)C)CCCCC,CC([O])=O,CCCCCC(=[N])c1ccc2c(c1)Cc1cc(/C(CCCCC)=N\OC(C)=O)ccc1-2,[C],44.352406800024156
172,CC(=O)O\N=C(C)\c(cc1[N+](=O)[O-])cc(c12)C(CCCC)(CCCC)c3c2ccc(c3)/C(C)=N\OC(=O)C,CC([O])=O,CCCCC1(CCCC)c2cc(/C(C)=N\OC(C)=O)ccc2-c2c([N+](=O)[O-])cc(C(C)=[N])cc21,[C],42.0463075499253
173,CC(=O)O\N=C(C)\c(cc1[N+](=O)[O-])cc(c12)C(CCCC)(CCCC)c3c2ccc(c3)/C(C)=N\OC(=O)C,CC([O])=O,CCCCC1(CCCC)c2cc(C(C)=[N])ccc2-c2c([N+](=O)[O-])cc(/C(C)=N/OC(C)=O)cc21,[C],45.56789366988027
174,CC(=O)O\N=C(CC)\c(cc1)cc(c12)C(CCCC)(CCCC)c3c2ccc(c3)/C(CC)=N\OC(=O)C,CC([O])=O,CCCCC1(CCCC)c2cc(C(=[N])CC)ccc2-c2ccc(/C(CC)=N\OC(C)=O)cc21,[C],46.65285846006592
175,CC(=O)O\N=C(CC)\c(cc1)cc(c12)C(CCCC)(CCCC)c3c2ccc(c3)/C(CC)=N\OC(=O)C,CC([O])=O,CCCCC1(CCCC)c2cc(C(=[N])CC)ccc2-c2ccc(/C(CC)=N/OC(C)=O)cc21,[C],49.27710528000358
176,CC(=O)O\N=C(CCC)\c(cc1)cc(c12)C(CCCC)(CCCC)c3c2ccc(c3)/C(CCC)=N/OC(=O)C,CC([O])=O,CCCCC1(CCCC)c2cc(C(=[N])CCC)ccc2-c2ccc(/C(CCC)=N/OC(C)=O)cc21,[C],47.36508231005122
177,CCCCC(=N/OC(=O)C)\c(cc1)cc(c12)C(CCCC)(CCCC)c3c2ccc(c3)/C(CCCC)=N/OC(=O)C,CC([O])=O,CCCCC(=[N])c1ccc2c(c1)C(CCCC)(CCCC)c1cc(/C(CCCC)=N/OC(C)=O)ccc1-2,[C],44.77723107002167
178,O=C(C)O\N=C(CCC)\C(=O)c(cc1)cc(c12)C(CCCC)(CCCC)c3c2ccc(c3)C(=O)/C(CCC)=N/OC(=O)C,CC([O])=O,CCCCC1(CCCC)c2cc(C(=O)C(=[N])CCC)ccc2-c2ccc(C(=O)/C(CCC)=N/OC(C)=O)cc21,[C],41.280117839933574
179,CCCCCC(=N/OC(=O)C)\c(cc1)cc(c12)C(CCCC)(CCCC)c3c2ccc(c3)/C(=N/OC(=O)C)CCCCC,CC([O])=O,CCCCCC(=[N])c1ccc2c(c1)C(CCCC)(CCCC)c1cc(/C(CCCCC)=N/OC(C)=O)ccc1-2,[C],44.28589074004941
180,CC(=O)O/N=C(\C)C(=O)c1c(OC(=O)C)c(cc(C)c1)-n(n2)nc(c23)cccc3,CC([O])=O,CC(=[N])C(=O)c1cc(C)cc(-n2nc3ccccc3n2)c1OC(C)=O,[C],43.41741689995923
181,CC(=O)O/N=C(\C)C(=O)c1c(O)c(cc(C)c1)-n(n2)nc(c23)cccc3,CC([O])=O,CC(=[N])C(=O)c1cc(C)cc(-n2nc3ccccc3n2)c1O,[C],42.18184971001113
182,CC(=O)O\N=C(C)\C(=O)c(cc1)ccc1N(c2ccc(cc2)OC)c3ccc(cc3)C(=O)/C(C)=N/OC(=O)C,CC([O])=O,COc1ccc(N(c2ccc(C(=O)C(C)=[N])cc2)c2ccc(C(=O)/C(C)=N/OC(C)=O)cc2)cc1,[C],41.732552550004065
183,CC(=O)O/N=C(\C)C(=O)c(cc1)c(c2c13)cccc2CC3,CC([O])=O,CC(=[N])C(=O)c1ccc2c3c(cccc13)CC2,[C],45.111066389963554
184,CC(=O)O\N=C(C)\C(=O)c(cc1)cc(c12)nc(n2CCCC)-c3ccccc3,CC([O])=O,CCCCn1c(-c2ccccc2)nc2cc(C(=O)C(C)=[N])ccc21,[C],40.20895827014111
185,CC(=O)O/N=C(/C)C(=O)c(c(c12)cccc2)ccc1-c3ccc(c(c34)cccc4)C(=O)/C(C)=N/OC(=O)C,CC([O])=O,CC(=[N])C(=O)c1ccc(-c2ccc(C(=O)/C(C)=N/OC(C)=O)c3ccccc23)c2ccccc12,[C],40.0621209300838
186,CC(=O)O/N=C(/C)C(=O)c(c(c12)cccc2)ccc1-c3ccc(c(c34)cccc4)C(=O)/C(C)=N/OC(=O)C,CC([O])=O,CC(=[N])C(=O)c1ccc(-c2ccc(C(=O)/C(C)=N\OC(C)=O)c3ccccc23)c2ccccc12,[C],41.99861679004571
187,CC(=O)O/N=C(\C)C(=O)c1ccc(cc1)-c2ccccc2,CC([O])=O,CC(=[N])C(=O)c1ccc(-c2ccccc2)cc1,[C],42.05634770997129
188,c1ccccc1-c2ccc(cc2)/C(CCCCC)=N/OC(=O)CC,CCC([O])=O,CCCCCC(=[N])c1ccc(-c2ccccc2)cc1,[C]C,45.22841076002398
189,CC(=O)O/N=C(\C)C(=O)c1ccc(cc1)N(c2ccccc2)c3ccccc3,CC([O])=O,CC(=[N])C(=O)c1ccc(N(c2ccccc2)c2ccccc2)cc1,[C],41.90511780006776
190,CC(=O)O/N=C(\C)C(=O)c1ccc(cc1)N(c2ccccc2)c3ccc(cc3)C(=O)/C(C)=N/OC(=O)C,CC([O])=O,CC(=[N])C(=O)c1ccc(N(c2ccccc2)c2ccc(C(=O)/C(C)=N/OC(C)=O)cc2)cc1,[C],41.947788479960025
191,c1cc(OC)ccc1-n(c(c23)cccc2)c4c3cc(cc4)C(=O)/C(C)=N\OC(=O)C,CC([O])=O,COc1ccc(-n2c3ccccc3c3cc(C(=O)C(C)=[N])ccc32)cc1,[C],39.41139305994324
192,O=C(C)O\N=C(C)\C(=O)c(c1)ccc(c12)n(-c3ccc(cc3)OC)c4c2cc(cc4)C(=O)/C(C)=N\OC(=O)C,CC([O])=O,COc1ccc(-n2c3ccc(C(=O)C(C)=[N])cc3c3cc(C(=O)/C(C)=N\OC(C)=O)ccc32)cc1,[C],44.605293330027735
193,O=C(C)O\N=C(C)\C(=O)c(c1)ccc(c12)n(-c3ccc(cc3)OC)c4c2cc(cc4)C(=O)/C(C)=N\OC(=O)C,CC([O])=O,COc1ccc(-n2c3ccc(C(=O)C(C)=[N])cc3c3cc(C(=O)/C(C)=N/OC(C)=O)ccc32)cc1,[C],42.12411879001421
194,c1cc(OC)ccc1-n(c(c23)ccc(c2)OC)c4c3cc(cc4)C(=O)/C(C)=N\OC(=O)C,CC([O])=O,COc1ccc(-n2c3ccc(OC)cc3c3cc(C(=O)C(C)=[N])ccc32)cc1,[C],40.29931971005565
195,CC(=O)O/N=C(\C)C(=O)c(cc1)cc(c12)c3c(ccc(c3)OC)n2-c4ccc(cc4)SC,CC([O])=O,COc1ccc2c(c1)c1cc(C(=O)C(C)=[N])ccc1n2-c1ccc(SC)cc1,[C],41.60014793998165
196,CC(=O)O/N=C(\C)C(=O)c(cc1)cc(c12)c3c(n2CC)cccc3,CC([O])=O,CCn1c2ccccc2c2cc(C(=O)C(C)=[N])ccc21,[C],42.035639880023574
197,CC(=O)O\N=C(C)\C(=O)c(cc1)cc(c12)C(CCCC)(CCCC)c3c2ccc(c3)C(=O)/C(=N\OC(=O)C)c4ccccc4,CC([O])=O,CCCCC1(CCCC)c2cc(C(=O)C(C)=[N])ccc2-c2ccc(C(=O)/C(=N\OC(C)=O)c3ccccc3)cc21,[C],42.763551480040604
198,CC(=O)O\N=C(C)\C(=O)c(cc1)cc(c12)C(CCCC)(CCCC)c3c2ccc(c3)C(=O)/C(=N\OC(=O)C)c4ccccc4,CC([O])=O,CCCCC1(CCCC)c2cc(C(=O)C(=[N])c3ccccc3)ccc2-c2ccc(C(=O)/C(C)=N/OC(C)=O)cc21,[C],42.388928010059026
199,c1cccc(c12)C(CCCC)(CCCC)c3c2ccc(c3)C(=O)/C(C)=N/OC(=O)C,CC([O])=O,CCCCC1(CCCC)c2ccccc2-c2ccc(C(=O)C(C)=[N])cc21,[C],43.13503740010145
200,CCC(=O)O/N=C(/C)C(=O)c(c1)ccc(c12)c3c(cccc3)C2(CCCC)CCCC,CCC([O])=O,CCCCC1(CCCC)c2ccccc2-c2ccc(C(=O)C(C)=[N])cc21,[C]C,39.543797670108326
201,CC(=O)O/N=C(/CC)C(=O)c(c1)ccc(c12)c3c(C2(CC)CC)cccc3,CC([O])=O,CCC(=[N])C(=O)c1ccc2c(c1)C(CC)(CC)c1ccccc1-2,[C],39.295931219949395
202,CCC(=O)O/N=C(/CC)C(=O)c(c1)ccc(c12)c3c(C2(CC)CC)cccc3,CCC([O])=O,CCC(=[N])C(=O)c1ccc2c(c1)C(CC)(CC)c1ccccc1-2,[C]C,40.09224141000775
203,c1cccc(c12)C(CC)(CC)c3c2ccc(c3)C(=O)/C(CCC)=N\OC(=O)CC,CCC([O])=O,CCCC(=[N])C(=O)c1ccc2c(c1)C(CC)(CC)c1ccccc1-2,[C]C,41.22364194007616
204,CCC(=O)O/N=C(/C)C(=O)c(c1)ccc(c12)c3c(C2(CCC)CCC)cccc3,CCC([O])=O,CCCC1(CCC)c2ccccc2-c2ccc(C(=O)C(C)=[N])cc21,[C]C,39.03425954996799
205,CC(=O)O/N=C(\C)C(=O)c1ccc(cc1)Sc2ccccc2,CC([O])=O,CC(=[N])C(=O)c1ccc(Sc2ccccc2)cc1,[C],41.96096618999809
206,CC(=O)O/N=C(\CC)c(cc1)cc(c12)c3c4c2cccc4ccc3,CC([O])=O,CCC(=[N])c1ccc2c(c1)-c1cccc3cccc-2c13,[C],43.5523315499753
207,c1ccc2cccc3c(c4c1c23)ccc(c4)/C(=N\OC(=O)C)CCCCCCC,CC([O])=O,CCCCCCCC(=[N])c1ccc2c(c1)-c1cccc3cccc-2c13,[C],40.44615705011296
208,CCCCCCC(=N\OC(=O)C)\C(=O)c(cc1)cc(c12)c3c4c2cccc4ccc3,CC([O])=O,CCCCCCC(=[N])C(=O)c1ccc2c(c1)-c1cccc3cccc-2c13,[C],39.796684200111905
210,CC(=O)O/N=C(\C)C(=O)c(c1)ccc(c12)c3c(C2(CC)CC)cc(Br)cc3,CC([O])=O,CCC1(CC)c2cc(Br)ccc2-c2ccc(C(=O)C(C)=[N])cc21,[C],43.43435967013047
212,CC(=O)O/N=C(\C)C(=O)c(c1)ccc(c12)c3c(C2(CCCC)CCCC)cc(cc3)-c4onc(c4)C,CC([O])=O,CCCCC1(CCCC)c2cc(C(=O)C(C)=[N])ccc2-c2ccc(-c3cc(C)no3)cc21,[C],41.96222120999492
213,CC(=O)O/N=C(/C)C(=O)c(c1)ccc(c12)c3c([C@H]2CC)cccc3,CC([O])=O,CC[C@@H]1c2ccccc2-c2ccc(C(=O)C(C)=[N])cc21,[C],40.195153050033284
214,CC(=O)O/N=C(/C)C(=O)c(c1)ccc(c12)c3c(C2(C)C)cc(cc3)C(=O)/C(C)=N/OC(=O)C,CC([O])=O,CC(=[N])C(=O)c1ccc2c(c1)C(C)(C)c1cc(C(=O)/C(C)=N/OC(C)=O)ccc1-2,[C],40.74610683006905
215,CC(=O)O/N=C(/C)C(=O)c(c1)ccc(c12)c3c(C2(C)C)cc(cc3)C(=O)/C(C)=N/OC(=O)C,CC([O])=O,CC(=[N])C(=O)c1ccc2c(c1)C(C)(C)c1cc(C(=O)/C(C)=N\OC(C)=O)ccc1-2,[C],43.22916390000648
216,c1ccccc1C(=O)c(cc2)cc(c23)C(CCCC)(CCCC)c4c3ccc(c4)/C(C)=N/OC(=O)C,CC([O])=O,CCCCC1(CCCC)c2cc(C(C)=[N])ccc2-c2ccc(C(=O)c3ccccc3)cc21,[C],44.3423666400495
217,c1cccc(c12)ccc(c2)C(=O)c(cc3)cc(c34)C(CCCC)(CCCC)c5c4ccc(c5)/C(C)=N/OC(=O)C,CC([O])=O,CCCCC1(CCCC)c2cc(C(C)=[N])ccc2-c2ccc(C(=O)c3ccc4ccccc4c3)cc21,[C],45.978912719912636
218,c1cccc(c12)C(CCCC)(CCCC)c3c2ccc(c3)C(=O)/C(=N\OC(=O)C)c4ccccc4,CC([O])=O,CCCCC1(CCCC)c2ccccc2-c2ccc(C(=O)C(=[N])c3ccccc3)cc21,[C],42.32492199007795
219,CC(=O)O/N=C(\C)C(=O)c1ccc(cc1)-c(ccc2)c(c23)cccc3,CC([O])=O,CC(=[N])C(=O)c1ccc(-c2cccc3ccccc23)cc1,[C],42.07140795000461
220,O=[N+]([O-])c1ccc(cc1)/C(=N\OC(=O)C)c(c2)ccc(c23)c4c(cc([N+](=O)[O-])cc4)C3(CCCC)CCCC,CC([O])=O,CCCCC1(CCCC)c2cc(C(=[N])c3ccc([N+](=O)[O-])cc3)ccc2-c2ccc([N+](=O)[O-])cc21,[C],43.461970109918084
221,c1cc([N+]([O-])=O)cc(c12)C(CCCC)(CCCC)c3c2ccc(c3)/C(c4ccc([N+](=O)[O-])cc4)=N/OC(=O)c5ccccc5,[O]C(=O)c1ccccc1,CCCCC1(CCCC)c2cc(C(=[N])c3ccc([N+](=O)[O-])cc3)ccc2-c2ccc([N+](=O)[O-])cc21,[c]1ccccc1,44.376879690033704
222,CC(=O)O/N=C(\C)C(=O)c1ccc(cc1)Sc2ccc(cc2)C(=O)/C(C)=N/OC(=O)C,CC([O])=O,CC(=[N])C(=O)c1ccc(Sc2ccc(C(=O)/C(C)=N/OC(C)=O)cc2)cc1,[C],42.23267801995414
223,CC(=O)O/N=C(/C)C(=O)c1ccc(cc1)-c2ccc(cc2)OC,CC([O])=O,COc1ccc(-c2ccc(C(=O)C(C)=[N])cc2)cc1,[C],39.56325047998787
224,CC(=O)O/N=C(/C)C(=O)c1ccc(cc1)-c2ccc(cc2)Sc3ccccc3,CC([O])=O,CC(=[N])C(=O)c1ccc(-c2ccc(Sc3ccccc3)cc2)cc1,[C],39.60717618001965
225,c1cc(OC)cc(c12)C(CC)(CC)c3c2ccc(c3)C(=O)/C(C)=N/OC(=O)C,CC([O])=O,CCC1(CC)c2cc(OC)ccc2-c2ccc(C(=O)C(C)=[N])cc21,[C],47.20130219996535
226,CCCCCC/C(=N\OC(=O)C)c(cn1CC)c(c12)cc([N+]([O-])=O)cc2,CC([O])=O,CCCCCCC(=[N])c1cn(CC)c2ccc([N+](=O)[O-])cc12,[C],48.37411839007187
227,CC(=O)O/N=C(\C)C(=O)c1ccc(cc1)N2CCOCC2,CC([O])=O,CC(=[N])C(=O)c1ccc(N2CCOCC2)cc1,[C],41.77334070004376
228,O=C(C)O\N=C(C)\c(c1)ccc(c12)n(CC)c3c2cc(cc3)C(=O)c4c(C)cc(cc4)O[C@@H](CO5)OC5(C)C,CC([O])=O,CCn1c2ccc(C(C)=[N])cc2c2cc(C(=O)c3ccc(O[C@H]4COC(C)(C)O4)cc3C)ccc21,[C],42.37637780994803
229,c1cc([N+](=O)[O-])ccc1-c2ccc(cc2)/C(=N/OC(=O)C)CCCCCC,CC([O])=O,CCCCCCC(=[N])c1ccc(-c2ccc([N+](=O)[O-])cc2)cc1,[C],44.522462009951504
230,CC(=O)O/N=C(\CCC)c(c1)ccc(c12)c3c(C2(CCC)CCC)cc([N+](=O)[O-])cc3,CC([O])=O,CCCC(=[N])c1ccc2c(c1)C(CCC)(CCC)c1cc([N+](=O)[O-])ccc1-2,[C],47.428460819962545
231,CC(=O)O/N=C(/C)c(cc1)cc(c12)c3c(n2CC)ccc(c3)C(=O)c4c(C)cccc4,CC([O])=O,CCn1c2ccc(C(C)=[N])cc2c2cc(C(=O)c3ccccc3C)ccc21,[C],40.670178120046735
232,FC(F)C(F)(F)C(F)(F)C(F)(F)Oc1ccccc1/C(=N/OC(=O)C)c(cc2)cc(c23)c4c(n3C[C@H](CC)CCCC)c5c(cccc5)c(c4)C(=O)c6c(C)cc(C)cc6C,CC([O])=O,CCCC[C@@H](CC)Cn1c2ccc(C(=[N])c3ccccc3OC(F)(F)C(F)(F)C(F)(F)C(F)F)cc2c2cc(C(=O)c3c(C)cc(C)cc3C)c3ccccc3c21,[C],45.683983020371905
233,C1CCCC1CC/C(=N\OC(=O)C)c(cc2)cc(c23)c4c(n3CC)ccc(c4)C(=O)c5c(C)cccc5,CC([O])=O,CCn1c2ccc(C(=[N])CCC3CCCC3)cc2c2cc(C(=O)c3ccccc3C)ccc21,[C],43.059736200006206
234,c12c3c4ccc1c(/C(C)=N/OC(=O)C)ccc2ccc3ccc4,CC([O])=O,CC(=[N])c1ccc2ccc3cccc4ccc1c2c34,[C],41.98920413999814
235,CC(=O)O/N=C(\C)C(=O)c(c1)ccc(c12)N(C(=O)C)c3c(S2)cccc3,CC([O])=O,CC(=[N])C(=O)c1ccc2c(c1)Sc1ccccc1N2C(C)=O,[C],42.274093679992255
236,CC(=O)O/N=C(\C)C(=O)c(c1)ccc(c12)N(CC)c3c(S2)cccc3,CC([O])=O,CCN1c2ccccc2Sc2cc(C(=O)C(C)=[N])ccc21,[C],42.4184209800559
237,CC(=O)O/N=C(\C)C(=O)c(c(c12)cccn2)ccc1OCc3ccccc3,CC([O])=O,CC(=[N])C(=O)c1ccc(OCc2ccccc2)c2ncccc12,[C],41.09625741004108
238,O=C(C)O\N=C(C)\C(=O)c(cc1)cc(c12)C(CCCC)(CCCC)c3c2ccc(c3)C(=O)/C(C)=N/OC(=O)C,CC([O])=O,CCCCC1(CCCC)c2cc(C(=O)C(C)=[N])ccc2-c2ccc(C(=O)/C(C)=N/OC(C)=O)cc21,[C],42.04819007999189
240,CCCCCCC(=N/OC(=O)C)\c(cc1)cc(c12)C(CCCC)(CCCC)c3c2ccc(c3)/C(=N/OC(=O)C)CCCCCC,CC([O])=O,CCCCCCC(=[N])c1ccc2c(c1)C(CCCC)(CCCC)c1cc(/C(CCCCCC)=N/OC(C)=O)ccc1-2,[C],41.383029479959106
241,CCCCCCC(=N\OC(=O)C)\C(=O)c(cc1)cc(c12)C(CCCC)(CCCC)c3c2ccc(c3)C(=O)/C(=N\OC(=O)C)CCCCC,CC([O])=O,CCCCCCC(=[N])C(=O)c1ccc2c(c1)C(CCCC)(CCCC)c1cc(C(=O)/C(CCCCC)=N\OC(C)=O)ccc1-2,[C],39.32416917009212
242,CCCCCCC(=N\OC(=O)C)\C(=O)c(cc1)cc(c12)C(CCCC)(CCCC)c3c2ccc(c3)C(=O)/C(=N\OC(=O)C)CCCCC,CC([O])=O,CCCCCC/C(=N/OC(C)=O)C(=O)c1ccc2c(c1)C(CCCC)(CCCC)c1cc(C(=O)C(=[N])CCCCC)ccc1-2,[C],40.01380265984909
243,CCCCCC(=N/OC(=O)C)\C(=O)c(cc1)cc(c12)C(CCCC)(CCCC)c3c2ccc(c3)C(=O)/C(=N/OC(=O)C)CCCCC,CC([O])=O,CCCCCC(=[N])C(=O)c1ccc2c(c1)C(CCCC)(CCCC)c1cc(C(=O)/C(CCCCC)=N/OC(C)=O)ccc1-2,[C],42.663149880151416
244,CC(=O)O/N=C(/C)C(=O)c1ccc(cc1)-c2ccc(cc2)C(=O)/C(C)=N\OC(=O)C,CC([O])=O,CC(=[N])C(=O)c1ccc(-c2ccc(C(=O)/C(C)=N\OC(C)=O)cc2)cc1,[C],39.46347639002576
246,CCCCCC(=N\OC(=O)C)\C(=O)c(cc1)ccc1-c2ccc(cc2)C(=O)/C(=N/OC(=O)C)CCCCC,CC([O])=O,CCCCCC(=[N])C(=O)c1ccc(-c2ccc(C(=O)/C(CCCCC)=N\OC(C)=O)cc2)cc1,[C],40.337597820030346
247,CC(=O)O\N=C(C)\C(=O)c(cc1)cc(c12)C(CC)(CC)c3c2ccc(c3)C(=O)/C(C)=N/OC(=O)C,CC([O])=O,CCC1(CC)c2cc(C(=O)C(C)=[N])ccc2-c2ccc(C(=O)/C(C)=N/OC(C)=O)cc21,[C],45.363325409968716
248,CC(=O)O/N=C(\CC)C(=O)c(c1)ccc(c12)c3c(C2(CC)CC)cc(cc3)C(=O)/C(CC)=N/OC(=O)C,CC([O])=O,CCC(=[N])C(=O)c1ccc2c(c1)C(CC)(CC)c1cc(C(=O)/C(CC)=N/OC(C)=O)ccc1-2,[C],39.170429219980896
249,CC(=O)O/N=C(\CCC)C(=O)c(c1)ccc(c12)c3c(C2(CC)CC)cc(cc3)C(=O)/C(CCC)=N/OC(=O)C,CC([O])=O,CCCC(=[N])C(=O)c1ccc2c(c1)C(CC)(CC)c1cc(C(=O)/C(CCC)=N/OC(C)=O)ccc1-2,[C],40.523340779989425
251,c1ccccc1C(=N/OC(=O)C)\C(=O)c(cc2)cc(c23)C(CC)(CC)c4c3ccc(c4)C(=O)/C(=N/OC(=O)C)c5ccccc5,CC([O])=O,CCC1(CC)c2cc(C(=O)C(=[N])c3ccccc3)ccc2-c2ccc(C(=O)/C(=N/OC(C)=O)c3ccccc3)cc21,[C],43.50966087008303
252,CC(=O)O/N=C(\CC)C(=O)c(c1)ccc(c12)C3=C(C2(CCC)CCC)C[C@H](C=C3)C(=O)/C(CC)=N/OC(=O)C,CC([O])=O,CCCC1(CCC)C2=C(C=C[C@H](C(=O)/C(CC)=N/OC(C)=O)C2)c2ccc(C(=O)C(=[N])CC)cc21,[C],42.321156930087454
254,CC(=O)O/N=C(\CCC)C(=O)c(c1)ccc(c12)c3c(C2(CCC)CCC)cc(cc3)C(=O)/C(CCC)=N/OC(=O)C,CC([O])=O,CCCC(=[N])C(=O)c1ccc2c(c1)C(CCC)(CCC)c1cc(C(=O)/C(CCC)=N/OC(C)=O)ccc1-2,[C],42.614204099989635
255,c1cc([N+](=O)[O-])ccc1-c2ccc(cc2)C(=O)/C(CCCCC)=N/OC(=O)CC,CCC([O])=O,CCCCCC(=[N])C(=O)c1ccc(-c2ccc([N+](=O)[O-])cc2)cc1,[C]C,43.36784361015573
256,CC(=O)O/N=C(/C)C(=O)c(c1)ccc(c12)c3c(C2(CC)CC)cccc3,CC([O])=O,CCC1(CC)c2ccccc2-c2ccc(C(=O)C(C)=[N])cc21,[C],39.689379990026126
257,CCC(=O)O/N=C(\C)C(=O)c(c1)ccc(c12)c3c(C2(CC)CC)cccc3,CCC([O])=O,CCC1(CC)c2ccccc2-c2ccc(C(=O)C(C)=[N])cc21,[C]C,40.78752248996449
258,CC(=O)O/N=C(/C)c(c1)ccc(c12)c3c(cc([N+]([O-])=O)cc3)C2(CCCC)CCCC,CC([O])=O,CCCCC1(CCCC)c2cc(C(C)=[N])ccc2-c2ccc([N+](=O)[O-])cc21,[C],41.629013400051456
259,CC(=O)O/N=C(\CC)C(=O)c(c1)ccc(c12)N(c3c(S2)cc(cc3)C(=O)/C(CC)=N/OC(=O)C)CCCCCCCCCC,CC([O])=O,CCCCCCCCCCN1c2ccc(C(=O)C(=[N])CC)cc2Sc2cc(C(=O)/C(CC)=N/OC(C)=O)ccc21,[C],43.995981120210644
260,CC(=O)O/N=C(\CC)c(c1)ccc(c12)N(CC)c3c(S2)cc(cc3)/C(CC)=N/OC(=O)C,CC([O])=O,CCC(=[N])c1ccc2c(c1)Sc1cc(/C(CC)=N/OC(C)=O)ccc1N2CC,[C],44.20807950010318
261,CC(=O)O\N=C(CC)\C(=O)c(cc1)cc(c12)Sc3c(N2C(=O)C)ccc(c3)C(=O)/C(CC)=N/OC(=O)C,CC([O])=O,CCC(=[N])C(=O)c1ccc2c(c1)Sc1cc(C(=O)/C(CC)=N/OC(C)=O)ccc1N2C(C)=O,[C],41.96724129026761
262,CC(=O)O/N=C(\CC)C(=O)c(c1)ccc(c12)N(CCCC)c3c(S2)cc(cc3)C(=O)/C(CC)=N/OC(=O)C,CC([O])=O,CCCCN1c2ccc(C(=O)C(=[N])CC)cc2Sc2cc(C(=O)/C(CC)=N/OC(C)=O)ccc21,[C],42.8871709500852
263,CC(=O)O/N=C(\CC)C(=O)c(c1)ccc(c12)N(C[C@H](CC)CCCC)c3c(S2)cc(cc3)C(=O)/C(CC)=N/OC(=O)C,CC([O])=O,CCCC[C@@H](CC)CN1c2ccc(C(=O)C(=[N])CC)cc2Sc2cc(C(=O)/C(CC)=N/OC(C)=O)ccc21,[C],41.687371829975454
264,O=C(C)O\N=C(CC)\C(=O)c(cc1)cc(c12)Sc3c(N2CCCCCC)ccc(c3)C(=O)/C(CC)=N\OC(=O)C,CC([O])=O,CCCCCCN1c2ccc(C(=O)C(=[N])CC)cc2Sc2cc(C(=O)/C(CC)=N\OC(C)=O)ccc21,[C],44.65110156026878
265,O=C(C)O\N=C(CC)\C(=O)c(cc1)cc(c12)Sc3c(N2CCCCCC)ccc(c3)C(=O)/C(CC)=N\OC(=O)C,CC([O])=O,CCCCCCN1c2ccc(C(=O)C(=[N])CC)cc2Sc2cc(C(=O)/C(CC)=N/OC(C)=O)ccc21,[C],39.88767315023888
266,O=C(C)O\N=C(CC)\C(=O)c(cc1)cc(c12)Sc3c(N2CCCCCCCC)ccc(c3)C(=O)/C(CC)=N\OC(=O)C,CC([O])=O,CCCCCCCCN1c2ccc(C(=O)C(=[N])CC)cc2Sc2cc(C(=O)/C(CC)=N\OC(C)=O)ccc21,[C],39.89520327021987
268,CCCCCC(=N/OC(=O)C)\C(=O)c(cc1)cc(c12)Sc3c(N2CCCCCCCC)ccc(c3)C(=O)/C(=N/OC(=O)C)CCCCC,CC([O])=O,CCCCCCCCN1c2ccc(C(=O)C(=[N])CCCCC)cc2Sc2cc(C(=O)/C(CCCCC)=N/OC(C)=O)ccc21,[C],41.06676444018689
269,COc1cc(OC)nc(Oc2cccc(Oc3nc(OC)cc(OC)n3)c2C(=O)ON=C(c2ccccc2)c2ccccc2)n1,COc1cc(OC)nc(Oc2cccc(Oc3nc(OC)cc(OC)n3)c2C([O])=O)n1,[N]=C(c1ccccc1)c1ccccc1,COc1cc(OC)nc(Oc2[c]c(Oc3nc(OC)cc(OC)n3)ccc2)n1,39.056849910053636
271,CC(=O)ON=C1c2cc(S(=O)(=O)N(C)C)ccc2-c2ccc(S(=O)(=O)N(C)C)cc21,CC([O])=O,CN(C)S(=O)(=O)c1ccc2c(c1)C(=[N])c1cc(S(=O)(=O)N(C)C)ccc1-2,[C],45.534635640035575
272,CC(C)=NOC(=O)Nc1ccc(C)c(NC(=O)ON=C(C)C)c1,CC(C)=NOC(=O)Nc1cc(NC([O])=O)ccc1C,CC(C)=[N],CC(C)=NOC(=O)Nc1cc([NH])ccc1C,44.3222863201002
273,CC(C)=NOC(=O)Nc1ccc(C)c(NC(=O)ON=C(C)C)c1,CC(C)=NOC(=O)Nc1ccc(C)c(NC([O])=O)c1,CC(C)=[N],CC(C)=NOC(=O)Nc1ccc(C)c([NH])c1,44.19301925999853
274,CC(C)=NOC(=O)Nc1ccc(C)cc1C,Cc1ccc(NC([O])=O)c(C)c1,CC(C)=[N],Cc1ccc([NH])c(C)c1,43.32768296997177
275,CC(C)=NOC(=O)Nc1ccc([N+](=O)[O-])cc1Cl,[O]C(=O)Nc1ccc([N+](=O)[O-])cc1Cl,CC(C)=[N],[NH]c1ccc([N+](=O)[O-])cc1Cl,45.51957539993092
278,O=C(Nc1ccc([N+](=O)[O-])cc1Cl)ON=C1CCCCC1,[O]C(=O)Nc1ccc([N+](=O)[O-])cc1Cl,[N]=C1CCCCC1,[NH]c1ccc([N+](=O)[O-])cc1Cl,41.46146822997509
279,CNC(=O)O/N=C(\C)SC,CNC([O])=O,CSC(C)=[N],C[NH],44.388802380003604
280,COc1ccc2c(c1)OC/C2=N\OC(=O)CCl,[O]C(=O)CCl,COc1ccc2c(c1)OCC2=[N],[C]Cl,45.92745690004255
281,O=C(/C=C/c1ccccc1)ON=C1CCCCCCCCCCC1,[O]C(=O)/C=C/c1ccccc1,[N]=C1CCCCCCCCCCC1,[C]=Cc1ccccc1,41.73569009999614
282,CC(=O)O/N=C1/c2ccccc2COc2ccccc21,CC([O])=O,[N]=C1c2ccccc2COc2ccccc21,[C],39.6962826000087
283,O=C(Nc1ccc([N+](=O)[O-])cc1Cl)O/N=C\c1cccnc1,[O]C(=O)Nc1ccc([N+](=O)[O-])cc1Cl,[N]=Cc1cccnc1,[NH]c1ccc([N+](=O)[O-])cc1Cl,42.510664950037025
284,O=C(/C=C/c1ccccc1)O/N=C/c1ccc(Cl)cc1,[O]C(=O)/C=C/c1ccccc1,[N]=Cc1ccc(Cl)cc1,[C]=Cc1ccccc1,45.437999099851524
285,CC(=O)N[C@H]1/C(=N/OC(=O)Nc2ccccc2)O[C@H](CO)[C@@H](O)[C@@H]1O,[O]C(=O)Nc1ccccc1,CC(=O)N[C@H]1C(=[N])O[C@H](CO)[C@@H](O)[C@@H]1O,[NH]c1ccccc1,47.789906580048736
287,CN(C)c1ccc(/C=N/OC(=O)c2cc([N+](=O)[O-])cc([N+](=O)[O-])c2)cc1,[O]C(=O)c1cc([N+](=O)[O-])cc([N+](=O)[O-])c1,CN(C)c1ccc(C=[N])cc1,O=[N+]([O-])c1c[c]cc([N+](=O)[O-])c1,48.97903802997139
288,C#CCOC(=O)O/N=c1/sc2ccccc2n1CCSC(=O)OCC#C,C#CCOC([O])=O,C#CCOC(=O)SCCn1c(=[N])sc2ccccc21,C#CC[O],40.09851650999191
289,[2H]C([2H])([2H])C(OC(=O)O/N=C(\C#N)c1ccccc1)(C([2H])([2H])[2H])C([2H])([2H])[2H],[2H]C([2H])([2H])C(OC([O])=O)(C([2H])([2H])[2H])C([2H])([2H])[2H],[N]=C(C#N)c1ccccc1,[2H]C([2H])([2H])C([O])(C([2H])([2H])[2H])C([2H])([2H])[2H],44.43021803997038
291,CC(C)(CCC(F)(F)C(F)(F)C(F)(F)C(F)(F)C(F)(F)C(F)(F)F)OC(=O)O/N=C(/C#N)c1ccccc1,CC(C)(CCC(F)(F)C(F)(F)C(F)(F)C(F)(F)C(F)(F)C(F)(F)F)OC([O])=O,[N]=C(C#N)c1ccccc1,CC(C)([O])CCC(F)(F)C(F)(F)C(F)(F)C(F)(F)C(F)(F)C(F)(F)F,41.6572513500515
292,CC(C)(CCC(F)(F)C(F)(F)C(F)(F)C(F)(F)C(F)(F)C(F)(F)C(F)(F)C(F)(F)F)OC(=O)O/N=C(/C#N)c1ccccc1,CC(C)(CCC(F)(F)C(F)(F)C(F)(F)C(F)(F)C(F)(F)C(F)(F)C(F)(F)C(F)(F)F)OC([O])=O,[N]=C(C#N)c1ccccc1,CC(C)([O])CCC(F)(F)C(F)(F)C(F)(F)C(F)(F)C(F)(F)C(F)(F)C(F)(F)C(F)(F)F,39.50363703006704
293,CCC(=O)O/N=C1\CCN(S(=O)(=O)c2ccc(C)cc2)c2cc(OC)ccc2C1=O,CCC([O])=O,COc1ccc2c(c1)N(S(=O)(=O)c1ccc(C)cc1)CCC(=[N])C2=O,[C]C,42.85830548987271
295,CC(C)=NOC(=O)CNC(=O)OCc1ccccc1,[O]C(=O)CNC(=O)OCc1ccccc1,CC(C)=[N],[C]NC(=O)OCc1ccccc1,46.0448012699603
296,[2H][13C]([2H])([2H])N[13C](=O)O/N=C/C(C)(C)S(C)=O,[2H][13C]([2H])([2H])N[13C]([O])=O,CS(=O)C(C)(C)C=[N],[2H][13C]([2H])([2H])[NH],43.93260261001396
297,[2H][13C]([2H])([2H])N[13C](=O)O/N=C/C(C)(C)SC,[2H][13C]([2H])([2H])N[13C]([O])=O,CSC(C)(C)C=[N],[2H][13C]([2H])([2H])[NH],42.30735170997963
298,[2H][13C]([2H])([2H])N[13C](=O)O/N=C/C(C)(C)S(C)(=O)=O,[2H][13C]([2H])([2H])N[13C]([O])=O,CC(C)(C=[N])S(C)(=O)=O,[2H][13C]([2H])([2H])[NH],42.718370759869316
